Family,Spider,Primary Life Habit,Sex,Body Length Total,Ceph length,Ceph width,Ceph Height,Abdom length,Abdom width,Abdom height,Leg I Fe,Leg I Pa,Leg I Ti,Leg I Mt,Leg I Ta,Leg II Fe,Leg II Pa,Leg II Ti,Leg II Mt,Leg II Ta,Leg III Fe,Leg III Pa,Leg III Ti,Leg III Mt,Leg III Ta,Leg IV Fe,Leg IV Pa,Leg IV Ti,Leg IV Mt,Leg IV Ta,Pedipalp fe,Pedipalp pa,Pedipalp ti,pedipalp ta
Araneidae,Acusilas dahoneus,Orb Web,F,6.22,2.33,1.89,1.39,3.89,2.44,2.39,2.03,0.89,1.78,1.5,0.72,1.89,1,1.39,1.22,0.61,1.28,0.67,0.83,0.72,0.55,1.94,1,1.5,1.27,0.61,0.78,0.39,0.5,0.83
Araneidae,Araneus dospinolongus,Orb Web,M,3.1,1.5,1.3,1,1.6,1.2,0.8,1.8,0.7,1.45,1.25,0.5,1.6,0.6,1.35,1.05,0.4,0.95,0.35,0.5,0.55,0.35,1.3,0.45,0.7,0.95,0.45,0.35,0.15,0.18,0.56
Araneidae,Araneus ellipticus,Orb Web,F,5.95,2.2,1.75,1.6,3.75,3,3.1,2.3,0.8,1.9,2.1,0.75,2,0.8,1.45,1.6,0.7,1.3,0.6,0.7,0.9,0.55,2.3,0.9,1.4,1.6,0.6,0.75,0.3,0.6,0.7
Araneidae,Araneus inustus,Orb Web,M,5.21,2.44,1.83,NA,2.77,1.94,NA,NA,NA,NA,NA,NA,NA,NA,NA,NA,NA,NA,NA,NA,NA,NA,NA,NA,NA,NA,NA,NA,NA,NA,NA
Araneidae,Araneus mitificus,Orb Web,F,8.05,3.05,1.94,1.17,5,4.67,3.61,22.67,1.17,2.28,2.22,0.61,2.22,1.11,1.72,1.78,0.72,1.39,0.72,0.94,1,0.61,2.17,1,1.33,1.53,0.5,0.8,0.32,0.48,0.84
Araneidae,Araneus santacruziensis,Orb Web,F,10.58,3.75,2.67,2.13,6.83,4.83,4.42,3,1.33,2.67,2.5,1.17,2.75,1.25,2.33,2.25,0.92,1.92,0.92,1.25,1.17,0.5,2.33,1.33,1.67,1.88,0.83,1.17,0.58,0.83,1.25
Araneidae,Araneus tatsulokeus,Orb Web,F,5.95,2.17,1.94,1.38,3.78,4.11,2.38,2.33,1.08,2.06,1.89,0.5,2.22,1,1.89,1.75,0.56,1.38,0.67,0.75,0.78,0.39,1.94,0.78,1.11,1.33,0.47,0.67,0.25,0.44,0.89
Araneidae,Araneus tinikdikitus,Orb Web,M,4.8,2.3,1.7,1.2,2.5,2.1,1.8,2.45,1,2.6,3,0.9,2.3,0.85,1.9,2.6,0.85,1.55,0.55,1.05,1.25,0.55,2.45,0.7,1.9,2.3,0.6,0.5,0.2,0.25,0.75
Araneidae,Argiope aemula,Orb Web,F,25.92,8.75,7.5,3.5,17.17,11,9.83,11.67,3.83,9.5,12.67,2.5,11.33,3.83,9.33,12.67,2.33,8,2.67,8.17,6,0.92,13.17,3.33,7.42,11,1.83,2.83,1.17,1.67,2.83
Araneidae,Argiope aemula,Orb Web,M,6.9,3.2,2.8,1.5,3.7,2,2.3,3.15,0.9,2.4,3.1,1.2,3.1,1,2.3,2.8,1,2.1,0.9,1.8,2.25,0.8,2.9,0.9,1.8,2.25,0.8,0.5,0.2,0.15,0.9
Araneidae,Argiope catenulata,Orb Web,M,5.4,2.4,2.2,1.15,3,1.6,1.5,2.9,1.1,2.35,3.2,1.15,3.1,0.95,2.4,3,1.05,1.8,0.6,1,1.4,0.7,2.9,0.8,1.7,2.6,0.9,0.4,0.2,0.23,0.93
Araneidae,Argiope catenulata,Orb Web,F,12.1,4.6,4,2.8,7.5,4.5,4.1,6.6,2.1,5.5,7.3,1.8,6.7,2.2,5.3,6.8,1.5,4.7,1.1,2.8,3.6,1.3,7.2,2.2,4.6,6.4,1.2,1.8,0.6,1.1,1.7
Araneidae,Argiope luzona,Orb Web,F,14.67,6.67,5.67,3,8,8,6,10.92,3.33,9,10.83,2.33,10.5,3.33,8.83,11.5,2.5,7.5,2.17,4.58,6.17,1.33,11.67,3,7.5,10.17,1.83,2.83,0.92,1.5,2.5
Araneidae,Argiope sapoa,Orb Web,M,4.3,2.1,1.8,0.8,2.2,1.6,1.7,2.6,0.8,1.6,2.2,0.95,2.4,0.8,1.8,2.2,0.95,1.4,0.5,0.9,1.1,0.65,2.3,0.65,1.25,1.8,0.75,1.4,0.11,0.13,0.5
Araneidae,Cyclosa baakea,Orb Web,F,9.8,2.5,1.4,1.3,7.3,2.4,2.5,1.7,0.55,1.15,1.15,0.45,1.6,0.6,1.3,1.05,0.5,1.1,0.45,0.8,0.7,0.5,1.5,0.7,1.6,1,0.5,0.55,0.25,0.4,0.6
Araneidae,Cyclosa banawensis,Orb Web,F,7.56,3,2.24,1.2,4.56,3.8,3.4,3.68,1.28,3.4,3.28,1.36,3.2,1.16,2.72,2.72,1.12,1.8,0.72,1.32,1.36,0.8,3,0.84,2.32,2.36,0.92,NA,NA,NA,NA
Araneidae,Cyclosa bifida,Orb Web,F,8.44,2,1.44,1,6.44,2,2.48,1.83,0.67,1.33,1.11,0.56,1.56,0.61,1,0.94,0.5,1,0.39,0.72,0.61,0.36,1.5,0.61,1.31,1.11,0.5,0.5,0.22,0.39,0.61
Araneidae,Cyclosa dosbukolea,Orb Web,F,8.17,2.42,1.75,1.28,5.75,2.67,3,2.4,1,2,1.56,0.68,2.24,0.92,1.6,1.52,0.64,1.58,0.58,1,0.88,0.64,2.6,0.86,1.92,1.6,0.74,0.6,0.4,0.48,0.8
Araneidae,Cyclosa insulana,Orb Web,M,4.61,2.11,1.61,0.67,2.5,1.33,1,1.94,0.67,1.33,1.17,0.5,1.72,0.67,1.17,1.1,0.55,1.28,0.44,0.72,0.72,0.47,1.72,0.53,1.28,1.17,0.58,0.44,0.25,0.11,0.83
Araneidae,Cyclosa insulana,Orb Web,F,5.76,1.8,1.2,0.92,3.96,1.5,1.6,1.6,0.68,1.24,1,0.58,1.52,0.64,1.08,0.88,0.52,1.4,0.4,0.64,0.56,0.48,1.8,0.6,1.06,0.88,0.52,0.44,0.2,0.28,0.56
Araneidae,Cyclosa ipilea,Orb Web,F,5.15,1.75,1.54,1.28,3.4,2.88,3.08,1.68,0.8,1.28,1.16,0.6,1.56,0.76,1.02,1,0.6,1.08,0.54,0.64,0.64,0.48,1.74,0.68,1,0.96,0.48,0.56,0.3,0.34,0.64
Araneidae,Cyclosa krusa,Orb Web,M,4.15,1.9,1.4,1.4,2.25,1.4,1.6,1.8,0.6,1.7,1.6,0.8,1.4,0.5,1.1,1.1,0.6,0.8,0.4,0.7,0.5,0.4,1.2,0.5,1.2,0.85,0.45,0.55,0.25,0.2,0.75
Araneidae,Cyclosa mulmeinensis,Orb Web,F,4.16,1.72,1.38,1.04,2.44,1.83,1.77,1.56,0.68,1.12,1.04,0.52,1.36,0.6,0.92,0.92,0.56,1,0.36,0.56,0.48,0.48,1.4,0.56,0.92,0.88,0.48,0.45,0.22,0.32,0.57
Araneidae,Cyclosa otsomarka,Orb Web,M,3.85,1.95,1.3,1.1,1.9,1.5,1.5,1.75,0.7,1.6,1.55,0.6,1.5,0.6,1.2,1.3,0.55,1,0.4,0.6,0.65,0.45,1.5,0.6,1,1.25,0.45,0.4,0.26,0.25,0.4
Araneidae,Cyclosa parangmulmeinensis,Orb Web,F,6.04,2.08,1.52,1.2,3.96,2.88,2.8,1.77,0.83,1.31,1.16,0.66,1.5,0.75,1.05,1,0.61,1.05,0.5,0.61,0.61,0.5,1.72,0.66,1.05,1,0.61,0.5,0.24,0.4,0.56
Araneidae,Cyclosa parangtarugoa,Orb Web,M,5.7,2.3,1.75,0.9,3.4,1.9,1.9,2.25,0.95,1.7,1.4,0.7,1.95,0.9,1.45,1.2,0.6,1.3,0.55,1,0.75,0.55,2,0.7,1.4,0.8,0.65,0.63,0.25,0.4,0.8
Araneidae,Cyclosa saismarka,Orb Web,F,7.25,2.3,1.8,1.15,4.95,2.9,3.2,2.2,0.9,1.6,1.4,0.6,2,0.8,1.4,1.15,0.6,1.4,0.6,0.9,0.7,0.5,2.1,0.7,1.5,1.35,0.6,0.7,0.3,0.4,0.75
Araneidae,Cyrtarachne tuladepilachna,Orb Web,F,6.23,2.13,2.35,1.3,4.1,6.3,4.5,1.5,0.78,1.03,0.85,0.4,1.45,0.75,1,0.88,0.43,0.9,0.45,0.65,0.55,0.38,1.7,0.7,0.95,0.8,0.4,0.4,0.3,0.38,0.5
Araneidae,Cyrtophora exanthematica,Orb Web,F,8.92,3.75,2.83,2,5.17,3.92,2.5,2.83,1.5,2.67,2.08,1.08,2.92,1.42,2,1.92,0.92,2,1.04,1.25,1.08,0.75,2.67,1.5,2,1.92,0.88,1,0.58,0.67,1.2
Araneidae,Cyrtophora koronadelensis,Orb Web,F,21,7.33,5.33,3.67,13.67,8.17,5.83,9.08,3.33,7.67,8.33,2.16,8.5,2.5,6.75,7.17,2.42,5.67,1.83,3.33,4.33,1.5,8.33,2.83,5.83,6.83,1.67,2.42,1,1.58,2.83
Araneidae,Cyrtophora parangexanthematica,Orb Web,F,8.8,3.6,2.6,1.6,5.2,3.7,1.6,2.75,1.45,2.2,1.8,0.8,2.8,1.4,2,1.85,0.9,1.8,1,1.1,1.1,0.8,2.6,1.1,1.6,1.7,0.7,1.1,0.5,0.65,1.2
Araneidae,Cyrtophora unicolor,Orb Web,F,25,9.5,6.33,4.67,15.5,15.33,10,7.83,3.2,6.2,6,2,7.5,3.17,5.83,5.67,2.17,5.33,2.33,3.33,3,1.66,7,3.33,4.67,5.17,1.83,2.67,1.33,1.67,2.75
Araneidae,Eriovixia excelsa,Orb Web,F,9,3,2.7,2.5,6,6,4,4.7,1.8,3.45,2.9,1.5,3.8,1.6,2.9,2.5,1,2.3,0.9,1.3,1.35,0.85,3.5,1.1,2.1,2.4,0.9,1,0.6,0.9,1.5
Araneidae,Eriovixia laglaizei,Orb Web,F,6.48,2.48,2,0.96,4,3,1.84,3.28,1.08,2.68,2.08,0.88,2.56,1,2.04,1.52,0.8,1.8,0.56,1,0.8,0.64,1.92,0.72,1.64,1.52,0.72,0.68,0.36,0.64,0.88
Araneidae,Gasteracantha diadesmia,Orb Web,F,10.61,3.11,3.5,2.83,7.5,12.16,6.33,2.5,1.27,1.83,1.5,1.05,2.44,1.16,1.66,1.38,1,1.94,0.72,1,1,0.94,2.88,1.05,1.83,1.61,1.11,NA,NA,NA,NA
Araneidae,Gasteracantha janopol,Orb Web,F,11.38,3.88,3.77,3.05,7.5,8.91,5,3.38,1.55,2.88,2.44,1.38,3.22,1.44,2.55,2.16,1.27,2.27,0.88,1.5,1.27,1,3.66,1.38,2.55,2.5,1.27,1.3,0.62,0.97,1.62
Araneidae,Gasteracantha kuhlii,Orb Web,F,9,2.92,2.25,2.21,6.08,8.92,3.83,1.94,1,1.39,1.28,0.72,1.89,0.88,1.22,1.22,0.69,1.39,0.56,0.75,0.72,0.56,3.33,0.67,1.31,1.39,0.72,0.77,0.33,0.56,0.83
Araneidae,Gasteracantha mammosa,Orb Web,F,8.92,3.5,3,2.02,5.42,7.33,2.67,2,1.13,1.46,1.17,0.79,1.92,1.08,1.25,1.08,0.75,1.33,0.58,0.83,0.58,0.66,2.58,0.92,1.33,1.25,0.75,0.92,0.58,0.67,0.92
Araneidae,Gasteracantha parangdiadesmia,Orb Web,F,9.6,3.6,3.6,2.5,6,20.8,4.8,2.6,1.25,2,1.65,0.9,2.75,1.1,1.55,1.5,1,1.9,0.75,1,1.05,0.8,2.9,1,1.9,2,1.1,1.15,0.8,0.85,1.35
Araneidae,Gea subarmata,Orb Web,F,6.47,2.2,1.8,1.44,4.27,3.05,3.11,2.22,1,1.77,2,1,2.33,0.94,1.77,1.94,1,1.55,0.66,0.88,1.05,0.69,2.44,0.88,1.5,1.83,0.77,NA,NA,NA,NA
Araneidae,Gea zaragosa,Orb Web,F,7,2.84,2.5,1.64,4.16,3.28,2.72,3.33,1.33,2.67,2.69,1.06,3.22,1.28,2.5,2.72,1.11,2.14,0.83,1.38,1.5,0.83,3.44,1,2.08,2.44,0.97,0.76,0.32,0.56,0.9
Araneidae,Hyposinga pygmaea,Orb Web,F,3.7,1.3,1.2,1,2.4,1.9,1.6,1.08,0.45,0.9,0.78,0.5,1,0.4,0.8,0.68,0.5,0.73,0.31,0.5,0.48,0.38,1.1,0.43,0.83,0.74,0.38,0.35,0.15,0.25,0.43
Araneidae,Larinia fusiformis,Orb Web,F,13.42,3.5,2.25,1.33,9.92,2.5,3.17,2.5,1.38,2.42,2.67,0.83,3.92,1.83,4.57,4.33,1.25,2.58,0.92,2.06,1.89,0.78,4.92,1.67,3.75,3.58,0.83,1,0.46,0.75,1.17
Araneidae,Larinia fusiformis,Orb Web,M,6.8,3.05,1.9,1.2,3.75,1.2,1.1,4,1.8,4.35,5.55,1.5,3.8,1.5,3.6,3.95,1.15,2.6,0.85,1.8,1.7,0.8,4.05,1.15,3.3,3.5,0.85,0.8,0.35,0.3,1
Araneidae,Larinia parangmata,Orb Web,M,5.2,2.4,1.5,1.3,2.8,1.45,1.6,2.65,1.1,2.9,3.45,1.05,2.5,0.9,2.4,2.8,0.95,1.6,0.55,1.2,1.1,0.6,2.3,0.7,1.8,2.35,0.8,0.5,0.25,0.2,0.75
Araneidae,Larinia phthisica,Orb Web,F,9.25,3,1.92,1.66,6.25,2.33,3,3.15,1.55,3.5,3.7,1.1,2.8,1.35,3.15,3.3,1,1.85,0.65,1.3,1.4,0.75,3.2,1.1,2.7,3,0.8,0.8,0.4,0.55,1
Araneidae,Larinia phthisica,Orb Web,M,5.5,2.1,1.3,1,3.4,1.25,1.2,2.65,1.2,3.3,4,1.05,2.7,1.1,2.8,3.2,0.95,1.9,0.5,1.25,1.3,0.65,2.75,0.8,2.35,2.5,0.6,0.55,0.2,0.25,0.7
Araneidae,Neoscona dostinikea,Orb Web,M,5,2.2,2,1.3,2.8,2.2,1.6,2.6,0.8,2.2,2.25,0.9,2.2,0.7,1.5,1.9,0.75,1.25,0.55,0.85,0.9,0.75,1.85,0.75,1.5,1.6,0.6,0.45,0.2,0.2,0.85
Araneidae,Neoscona molemensis,Orb Web,F,7.58,2.42,1.95,1.4,5.16,4.08,2.6,2.8,1,2.5,2.45,0.85,2.35,1,1.9,2,0.8,1.44,0.55,1,1,0.5,2.8,0.9,1.9,2.1,0.65,0.6,0.3,0.5,0.85
Araneidae,Neoscona nautica,Orb Web,F,10.53,3.2,2.8,1.6,7.33,6.41,5.33,3.8,1.68,3.24,3.52,1.08,3.2,1.6,2.68,3,1,2.24,1.04,1.44,1.6,0.72,3.92,1.32,2.64,2.96,0.88,1.12,0.56,0.8,1.28
Araneidae,Neoscona oriemindoroana,Orb Web,M,9.66,4.72,3.61,2.44,4.94,4.06,3.33,4.94,2.22,4.22,3.94,1.36,4.44,1.58,3.67,3.61,0.83,3.06,1.17,1.78,1.94,0.75,4.22,1.67,3.17,3.44,0.83,0.76,0.38,0.26,1.2
Araneidae,Neoscona rumpfi,Orb Web,F,19.5,7,5.33,4,12.5,10.33,9.78,6.17,3.25,6,5.75,1.75,6,3.17,5.42,5.33,1.5,5,2.08,3,2.75,1.33,7.08,2.58,4.83,5.17,1.5,2.56,1.33,1,1.89
Araneidae,Neoscona theisi,Orb Web,M,6.68,3.08,2.33,1.5,3.58,2.42,1.4,3.9,1.4,3.2,3.4,1,3.55,1.15,2.4,2.65,0.85,2.3,0.9,1.35,1.6,0.65,3.7,1.2,2.75,2.8,0.7,0.6,0.3,0.35,1
Araneidae,Neoscona theisi,Orb Web,F,10.05,3.8,3,2.6,6.25,4.4,4.2,4.1,1.7,3.6,3.75,1.75,3.8,1.55,3,3.1,1,2.5,1.1,1.6,1.6,0.7,4.1,1.65,3.4,3.5,0.9,1,0.5,0.85,1.3
Araneidae,Neoscona usbonga,Orb Web,M,11.3,5.6,4.25,3.2,5.7,4.1,3.15,4.8,2.15,4.3,4.1,1.4,4.5,1.9,3.2,3.7,1.3,3.3,1.4,2,2.2,1,4.6,1.9,3.5,3.9,1.15,0.7,0.4,0.5,1.25
Araneidae,Neoscona usbonga,Orb Web,F,12.8,4.2,4,3.3,8.6,8.4,6.2,5,2.4,4.4,4.25,1.4,4.6,2.3,4,4,1.5,3.35,1.5,2.1,2,1,5.05,2,3.5,3.6,1.1,1.45,0.75,1,1.8
Araneidae,Neoscona yptinika,Orb Web,M,10.55,5.72,4.56,2.68,4.83,4.39,3.12,5.56,2.33,4.56,4.44,1.5,5,1.83,3.89,3.78,1.28,3.44,1.6,1.89,2.17,1.06,5,1.67,3.39,4,1.17,0.88,0.48,0.44,1.36
Araneidae,Nephila Antipodiana,Orb Web,F,35,14,9.5,7,21,8.5,9,21,4.5,17.5,26,4.5,18.5,4,13,21.5,3.5,11,3,6.5,10.5,2.5,19,3.6,11,18,2.8,4.55,2,3,4.8
Araneidae,Nephila Maculata,Orb Web,F,42,12,9.5,6.75,30,11,12,25,4.52,20,31,4.51,21,4.2,16.5,25,4,14.5,3.5,8.5,13,3.5,24,4,15.5,24,4.5,5,2,3.2,5.2
Araneidae,Nephila Maculata,Orb Web,M,6,2.36,1.4,1,3.64,1.04,1.28,3.83,0.83,3.5,5.83,1.83,3.42,0.79,2.83,4.25,1.5,2,0.5,1.25,1.83,0.75,3.5,0.67,2.5,3.75,1.46,0.79,0.28,0.48,0.72
Araneidae,Nephilengys kenmorei,Orb Web,F,6.88,2.8,1.8,1,4.08,2.4,2.28,1.58,0.8,1.24,1.24,0.78,1.4,0.72,1.1,1.04,0.72,1,0.66,0.62,0.62,0.56,1.52,0.76,0.96,0.9,0.62,0.6,0.32,0.42,0.78
Araneidae,Nephilengys malabarensis,Orb Web,F,24.83,8.83,6,6,16,9.67,10.42,9.5,3.33,8.67,11.33,2.92,9.33,2.83,6.17,8.17,2.17,6.17,2,3.83,6,2.08,8.5,2.67,6.17,8.83,2,2.67,1,1.67,2.83
Araneidae,Parawixia dehaani,Orb Web,F,14.9,5.7,4.75,3.8,9.2,7.6,4.9,4.9,2.5,4.1,3.6,1.45,4.7,2.7,3.85,3.3,1.4,3.4,1.5,2.2,2,1,5,2.4,4,4,1.4,1.8,0.8,1.2,1.9
Araneidae,Poltys illepidus,Orb Web,F,14.44,5,3.6,3.6,9.44,8,3.67,6,2.67,4.78,3.72,1.56,5.56,2.5,4.67,3.44,1.28,3.75,1.92,2.25,2.08,1,5.22,1.77,3.44,2.56,1.11,1.55,0.83,1.11,1.89
Araneidae,Singa hilira,Orb Web,F,11.4,5.1,3.45,1.2,6.3,3.9,2.1,3.4,1.9,3.7,3.5,1.25,3,2,3.5,2.8,1.1,1.9,1.2,1.5,1.35,0.85,2.9,1.75,3.1,2.6,1.1,1.5,0.75,0.9,1.6
Araneidae,Tukaraneus mahabaeus,Orb Web,M,7.5,3.7,2.75,1.55,3.8,3.8,2.6,3.8,1.3,3.1,2.85,1,3,1,1.75,2.35,1,2.4,0.65,1.3,1.3,0.7,3.4,0.8,2.2,2.4,0.75,0.45,0.3,0.29,1
Araneidae,Tukaraneus palawanensis,Orb Web,M,3.65,1.7,1.6,1,1.95,1.6,1.4,2.2,0.7,1.7,1.3,0.6,1.7,0.6,1.05,1.05,0.55,1,0.4,0.6,0.45,0.4,1.35,0.55,0.95,0.95,0.45,0.41,0.14,0.15,0.73
Araneidae,Tukaraneus patulisus,Orb Web,M,4.7,2.7,2.2,1,2,2.2,0.9,2.6,0.9,2.2,1.9,0.8,2.1,0.8,1.3,1.6,0.65,1.6,0.55,1,0.85,0.55,2.1,0.6,1.4,1.5,0.6,0.5,0.25,0.3,0.85
Barychelidae,Idioctis sierramadrensis,Burrow,M,12.4,6.4,5.5,4.15,6,3.8,4.25,5.5,3.1,4.55,3.65,2.25,5.2,2.6,4.3,3.8,2.2,4.6,2.3,3.7,4,2.1,6.5,2.75,5.7,6.6,2.5,2.7,1.75,2.5,1.5
Clubionidae,Agoreca kltina,Retreat,F,5.85,2.2,1.9,1.4,3.65,1.8,2.35,2.2,0.7,2.3,1.68,1.45,1.8,0.65,1.85,1.6,1.33,1.9,0.65,1.9,1.88,1.05,2.38,0.7,2.3,2.6,1.15,1.08,0.5,1,1.25
Clubionidae,Alaeho linoi,Retreat,M,4,1.75,1.4,0.9,2.25,1.28,1,1.5,0.75,1.3,1.2,0.95,1.25,0.6,1.05,0.93,0.78,1.1,0.45,0.8,0.9,0.73,1.8,0.7,1.45,1.65,0.95,0.6,0.35,0.39,0.6
Clubionidae,Castianeira tiranglupa,Retreat,M,7.5,3.5,2.05,1.63,4,1.9,2.08,2.55,0.83,2.4,2,1.35,2.45,0.88,2.3,1.8,1.25,2.1,0.83,2,1.9,0.9,3.2,0.88,2.8,3.35,1.3,0.85,0.2,0.5,1.1
Clubionidae,Cheiracanthium bikakapenalcolium,Retreat,F,10.3,3.5,2.65,2,6.8,3.8,3.7,3.55,1.35,3.5,3.25,1.1,2.95,1.3,2.65,2.75,1,2.25,1.1,1.8,2.3,0.9,3.35,1.25,2.9,3.35,0.88,1.2,0.48,0.85,1.35
Clubionidae,Cheiracanthium catingidae,Retreat,F,5.8,2,1.44,1.22,3.8,2,1.94,2.12,0.96,2.36,2.32,1,1.44,0.76,1.44,1.4,0.56,1,0.48,0.92,1,0.5,1.88,0.72,1.8,1.92,0.6,0.8,0.32,0.48,0.72
Clubionidae,Cheiracanthium daquilium,Retreat,M,12.2,NA,NA,NA,NA,NA,NA,8.2,3.3,9.4,11.2,2,6.7,3,7.2,7.9,1.5,4.7,2.1,4,5.1,1.4,6.8,2.3,5.6,7.5,1.6,3.5,1.05,2.1,2.45
Clubionidae,Cheiracanthium hugiscium,Retreat,F,8.4,3,2.45,1,5.4,3.05,2.85,3.8,1.43,3.8,3.75,1.45,2.9,1.25,2.65,2.6,1,2.3,1.05,1.85,2.15,0.88,3.3,1.25,2.8,3.4,1,1.3,0.5,0.9,1.25
Clubionidae,Cheiracanthium itakeus,Retreat,M,9.71,4.44,3.33,2.5,5.27,3.11,3.22,6.27,2,7,7.25,2.92,4.94,1.77,5,5.2,1.83,3.5,1.5,3,4.08,1.25,5.16,1.8,4.66,5.75,1.66,NA,NA,NA,NA
Clubionidae,Cheiracanthium ligawsolanum,Retreat,F,6.66,2.66,1.77,1.38,4,1.94,1.77,2.68,1.08,2.92,2.88,1.32,2.04,0.96,2,1.9,0.88,1.44,0.8,1.24,1.4,0.76,2.4,1,2.24,2.56,0.92,1,0.4,0.64,0.96
Clubionidae,Cheiracanthium ligawsolanum,Retreat,M,10.16,4.16,3.16,2.08,6,3.66,3.33,4.83,1.92,5,5.16,1.33,3.33,1.42,2.83,3.5,1.08,3,1.16,2.66,2.91,1,4.83,1.58,4.42,5.25,1.25,2.2,0.7,1.1,1.95
Clubionidae,Cheiracanthium lipikeum,Retreat,F,5.7,2,1.54,0.9,3.7,1.65,1.5,2.63,0.98,2.93,2.83,0.7,1.75,0.8,1.73,1.63,0.65,1.23,0.5,1.05,1.08,0.55,2.13,0.75,2.04,2.2,0.65,0.75,0.34,0.53,0.75
Clubionidae,Cheiracanthium lipikeum,Retreat,M,4.5,1.8,1.4,1,2.7,1,0.95,3.1,0.9,3.75,3.55,1.55,2,0.75,2.05,1.95,0.75,1.5,0.5,1.25,1.35,0.6,2.25,0.75,2.3,2.55,0.78,0.9,0.28,0.55,0.9
Clubionidae,Cheiracanthium payateus,Retreat,M,4.84,2.24,1.4,0.83,2.6,1.2,0.83,3.33,0.94,4.05,3.83,1.77,2.22,0.88,2.44,2.22,0.83,1.44,0.61,1.38,1.66,0.66,2.27,0.88,2.5,2.83,0.83,NA,NA,NA,NA
Clubionidae,Cheiracanthium tigbauanensis,Retreat,F,9.75,4.2,3.2,2.4,5.55,4.55,3.88,4.33,1.77,4.44,4.72,1.88,3.33,1.55,3.27,3.55,1.22,2.55,1.33,2.22,2.66,1.05,3.66,1.5,3.33,4.16,1.11,1.55,0.55,1.05,1.55
Clubionidae,Cheiracanthium tigbauanensis,Retreat,M,6.82,2.94,2.22,1.55,3.88,2.22,2.55,3.5,1.33,3.33,3.38,1.38,2.33,1,1.94,2.44,0.83,2.22,1.05,1.61,2.05,0.83,3.22,1.16,3.16,3.22,1.16,1.3,0.35,0.7,1.2
Clubionidae,Cheiracanthium tingilium,Retreat,F,9.4,3.9,3.35,2.25,5.5,3.7,2.85,4.75,1.7,5,5.15,1.95,4.05,1.65,3.6,3.75,1.25,3,1.4,2.45,2.8,1.05,4.3,1.68,3.58,4.45,1.2,1.68,0.6,1.15,1.59
Clubionidae,Clubiona charleneae,Retreat,F,8.85,3.75,2.5,1.75,5.1,2,1.5,2.53,1.3,2.3,1.63,0.88,2.5,1.33,2.45,1.7,1,2.25,1.05,1.6,1.62,0.68,2.85,0.95,2.35,3.1,0.8,1.1,0.4,0.65,1
Clubionidae,Clubiona charleneae,Retreat,M,6.75,2.75,2.05,1.5,4,1.55,1.65,2.15,1.05,2.05,1.55,0.95,2.3,1.1,2.1,1.75,0.98,1.8,0.93,1.4,2,0.65,2.7,1.1,2.4,2.85,0.8,0.95,0.3,0.45,0.75
Clubionidae,Clubiona dikita,Retreat,F,4.03,1.63,1.15,0.63,2.4,1.2,0.95,0.73,0.48,0.71,0.5,0.33,0.95,0.58,0.9,0.66,0.38,0.83,0.33,0.6,0.64,0.31,1.13,0.55,1,1.18,0.43,0.41,0.19,0.25,0.35
Clubionidae,Clubiona drassodes,Retreat,F,9.8,3.7,2.6,2.2,6.1,3.3,3.1,2.3,1.35,2.4,1.6,1,2.4,1.4,2.4,1.7,0.9,2,1,1.6,1.5,0.7,2.7,1.2,2.5,3,0.75,1.2,0.55,0.8,0.9
Clubionidae,Clubiona gallagheri,Retreat,F,9.2,3.6,2.8,2.4,5.6,3.8,3,2.35,1.5,2.2,1.5,0.95,2.9,1.35,2.25,1.65,0.9,2.35,1,1.5,1.8,0.65,2.85,1.3,2.3,2.8,0.7,1.2,0.4,0.7,0.9
Clubionidae,Clubiona hugispaa,Retreat,M,5.1,2.1,1.5,0.96,3,1,0.88,1.68,0.93,1.5,1.18,0.56,2,1.08,1.95,1.45,0.63,1.28,0.6,0.93,1.15,0.38,2.13,0.9,1.75,2.3,0.53,0.7,0.3,0.3,0.55
Clubionidae,Clubiona hugisva,Retreat,F,3.54,1.45,1.1,0.85,2.09,0.93,1,0.8,0.43,0.69,0.51,0.31,0.98,0.55,0.72,0.64,0.25,0.75,0.35,0.5,0.6,0.33,0.94,0.48,0.9,1.18,0.45,0.34,0.14,0.18,0.3
Clubionidae,Clubiona japonicola,Retreat,F,8.25,3.1,2.22,1.7,5.15,2.66,2.5,1.5,0.8,1.4,1.05,0.6,1.6,0.85,1.45,1.1,0.65,1.35,0.7,1,1.06,0.5,1.85,0.9,1.55,1.9,0.65,0.85,0.4,0.5,0.75
Clubionidae,Clubiona japonicola,Retreat,M,6,2.4,1.5,1.3,3.6,1.7,1.9,1.85,1,1.95,1.5,0.8,1.95,0.8,2,1.55,0.75,1.5,0.75,1.1,1.4,0.6,1.9,1,1.8,2.2,0.65,0.8,0.3,0.4,0.75
Clubionidae,Clubiona kapataganensis,Retreat,F,11.75,4.55,3.3,2.13,7.2,3.4,3.15,3.25,1.85,2.8,2,0.98,3.6,2.1,3.3,2.35,1.05,2.8,1.4,2,2.4,0.85,4,1.85,3.4,3.9,1.1,1.3,0.63,0.9,1.1
Clubionidae,Clubiona katioryza,Retreat,M,4.63,1.88,1.53,0.85,2.75,1,1.03,1.13,0.68,1.15,0.85,0.45,1.58,0.84,1.6,1.18,0.58,1.08,0.53,0.8,0.98,0.31,1.62,0.6,1.48,1.8,0.5,0.63,0.28,0.33,0.45
Clubionidae,Clubiona leonilae,Retreat,M,5.69,2.26,1.63,1.43,3.43,1.13,1.2,1.95,1,1.6,1.35,0.7,2.2,1.03,2.25,1.7,0.75,1.45,0.65,1.1,1.5,0.55,2.45,0.93,2.25,2.88,0.73,0.73,0.35,0.38,0.65
Clubionidae,Clubiona manipisea,Retreat,M,5.18,1.93,1.2,0.75,3.25,0.65,0.7,2.9,0.78,3.15,2.9,1.05,3.15,0.75,3.1,2.98,1.03,1.95,0.53,1.68,1.85,0.53,2.8,0.6,2.85,3.05,0.63,0.75,0.3,0.53,0.7
Clubionidae,Clubiona maysangarta,Retreat,M,6.7,2.5,1.95,0.88,4.2,1.4,1.08,2.4,1.25,2.35,1.55,0.75,2.6,1.4,2.9,2,0.85,1.85,0.85,1.5,1.8,0.5,3.1,1.1,2.8,3.6,0.85,0.9,0.45,0.5,0.7
Clubionidae,Clubiona pahilistapyasea,Retreat,F,7.15,2.6,2,1.35,4.55,2.3,2,1.9,1.15,1.95,1.25,0.78,1.8,0.93,1.55,1.05,0.6,1.4,0.58,1,1.2,0.5,2.4,0.88,1.8,2.65,0.73,0.8,0.35,0.6,0.75
Clubionidae,Clubiona paranghinlalakirta,Retreat,M,4.78,1.85,1.48,0.95,2.93,1.03,1.13,1.13,0.65,1.13,0.85,0.46,1.48,0.83,1.55,1.1,0.5,1.1,0.5,0.85,0.98,0.38,0.58,0.7,1.45,1.43,0.5,0.6,0.23,0.28,0.45
Clubionidae,Clubiona parangunikarta,Retreat,M,6.05,2.75,2.05,1.3,3.3,1.4,1.5,1.55,1,1.5,1.08,0.48,1.75,1.08,1.6,1.2,0.6,1.45,0.78,1.05,1.3,0.53,2.2,0.95,1.78,2.25,0.75,0.8,0.43,0.58,0.65
Clubionidae,Clubiona pototanensis,Retreat,F,5.05,2.25,1.5,0.85,2.8,1.35,1.08,1.38,0.75,1.15,0.85,0.48,1.6,0.8,1.4,1,0.56,1.1,0.45,0.85,0.88,0.4,2.83,0.7,1.55,1.95,0.55,0.55,0.2,0.3,0.4
Clubionidae,Clubiona topakea,Retreat,F,3.95,1.7,1.4,0.75,2.25,1.25,0.93,0.78,0.45,0.73,0.5,0.35,0.9,0.5,1.38,0.65,0.4,0.75,0.38,0.58,0.6,0.3,1.03,0.5,1,1.15,0.4,0.3,0.2,0.23,0.3
Clubionidae,Clubiona unanoa,Retreat,M,2.35,1.05,0.6,0.45,1.3,0.6,0.41,0.5,0.33,0.5,0.53,0.24,0.55,0.34,0.63,0.39,0.25,NA,NA,NA,NA,NA,0.68,0.33,0.6,0.68,0.25,0.28,0.13,0.15,0.33
Clubionidae,Clubiona unikarta,Retreat,M,6.45,2.95,2,1.1,3.5,1.4,1.5,1.55,1.1,1.55,1,0.58,1.9,1.15,1.8,1.25,0.63,1.7,0.63,1.05,1.45,0.5,2.25,0.9,1.95,2.45,0.75,0.83,0.4,0.43,0.7
Clubionidae,Clubiona venusae,Retreat,M,4.73,1.88,1.5,0.65,2.85,1.05,0.83,1.68,0.88,1.58,1.25,0.44,1.9,0.93,1.9,1.15,0.58,1.15,0.6,0.93,1.05,0.33,1.95,0.83,1.93,2.35,0.58,0.63,0.3,0.28,0.53
Clubionidae,Clubiona victoriaensis,Retreat,F,4.75,1.75,1.35,0.88,3,1.7,1.5,0.78,0.48,0.75,0.54,0.34,0.95,0.54,0.98,0.73,0.35,0.8,0.38,0.54,0.71,0.28,1.16,0.49,0.95,1.11,0.4,0.44,0.19,0.28,0.35
Clubionidae,Clubiona zandstrai,Retreat,M,3.43,1.5,1.13,0.88,1.93,0.98,1.05,0.93,0.38,0.84,0.65,0.45,1.1,0.45,1.13,0.81,0.5,0.8,0.43,0.69,0.84,0.35,1.38,0.53,1.09,1.31,0.5,0.48,0.23,0.23,0.4
Clubionidae,Clubionidae krisisensis,Retreat,M,3.65,1.6,1.18,0.75,2.05,1.7,0.88,0.95,0.5,1.15,0.6,0.35,1.28,0.6,1.38,0.83,0.45,0.95,0.39,0.78,0.8,0.33,1.35,0.5,1.13,1.3,0.4,0.45,0.23,0.2,0.39
Clubionidae,Clubionoides bukaea,Retreat,M,3.4,1.4,1.25,0.85,2,1.1,0.85,0.7,0.48,0.71,0.48,0.33,0.89,0.58,0.9,0.6,0.36,0.68,0.28,0.43,0.58,0.25,1,0.44,0.96,0.88,0.41,0.4,0.19,0.2,0.33
Clubionidae,Clubionoides kawitpaaia,Retreat,M,7.4,2.75,2.2,1.25,4.65,1.35,1.15,2.68,1.4,2.8,2.03,0.9,3.1,1.65,3.3,2.5,1,2.1,0.85,1.75,2.1,0.55,3.45,1.25,3.43,4.38,0.9,1.03,0.45,0.5,0.78
Clubionidae,Clubionoides turongdaliriana,Retreat,M,8.25,3.25,2.35,1.75,5,1.6,1.5,2.5,1.35,2.48,1.8,2.85,3,1.43,2.9,2.15,0.9,2,1,1.55,2.1,0.7,3.4,1.33,2.85,3.7,1.05,1,0.45,0.55,0.7
Clubionidae,Kakaibanoides paranga,Retreat,F,7.2,2.35,1.65,1.1,4.85,1.15,1.25,3.05,1.15,3.4,2.5,1.15,2.7,0.95,2.75,1.93,0.9,1.75,0.6,1.55,1.5,0.6,3.15,0.6,2.7,2.95,0.75,0.73,0.33,0.6,0.75
Clubionidae,Kakaibanoides paranga,Retreat,M,4.7,1.9,1.25,0.82,3.8,0.75,0.8,2.95,0.75,3.5,2.88,1,NA,NA,NA,NA,NA,1.95,0.53,1.98,1.7,0.5,2.88,0.55,2.75,2.8,0.65,0.8,0.33,0.58,0.71
Clubionidae,Phrurolithus ulopatulisus,Retreat,F,4.35,1.85,1.35,1,2.5,1.2,1.4,1.5,0.58,1.55,1.1,0.7,1.25,0.55,1.1,0.9,0.68,1,0.5,0.85,1,0.6,1.55,0.6,1.45,1.5,0.65,0.65,0.3,0.43,0.65
Clubionidae,Phrurolithus ulopatulisus,Retreat,M,4.25,2,1.45,1.35,2.25,1.38,0.91,1.65,1.65,1.7,1.5,0.9,1.4,0.6,1.25,1.18,0.63,1.1,0.5,0.9,1.1,0.6,1.7,0.55,1.65,1.7,0.75,0.8,0.3,0.34,0.85
Clubionidae,Scotinella tinikitkita,Retreat,F,3.1,1.3,1.1,0.8,1.8,1.25,1.31,1.05,0.4,1.1,1,0.45,0.88,0.38,0.83,0.75,0.43,0.75,0.35,0.63,0.7,0.4,0.99,0.39,0.86,1.05,0.6,0.44,0.2,0.33,0.53
Dictynidae,Dictyna siniloanensis,Sheet Web,M,1.76,0.68,0.54,0.92,1.08,0.7,0.64,NA,NA,NA,NA,NA,NA,0.2,0.48,NA,NA,0.36,0.16,0.28,0.24,0.19,0.44,0.15,0.36,0.32,0.2,NA,NA,NA,NA
Eusparassidae,Heteropoda cyperusiria,Roaming,F,5.4,NA,NA,NA,NA,NA,NA,2.65,1.25,2.8,2.15,0.9,3,1.3,3,2.4,1,2.4,1.15,2.4,2.1,0.8,2.85,1,2.45,2.6,1,1.05,0.7,0.75,1.3
Eusparassidae,Heteropoda garciai,Roaming,F,13.6,5.4,4.6,3.5,8.2,5.5,5,5.6,2.25,5.2,4.9,1.45,6.2,2.3,5.9,5,1.75,5.3,2,4.2,4.05,1.35,5.8,1.7,4.6,5.2,1.65,2.1,1,1.8,2.3
Eusparassidae,Heteropoda venatoria,Roaming,M,25.49,11.66,10.83,2.83,13.83,9,7.5,17.83,6.33,19.83,17.83,4.83,20,6.66,22.66,21.83,5.5,15.5,5.5,14.83,14.5,3.66,16.3,5.33,15.83,17.66,4.33,3.2,1.7,2,3.1
Eusparassidae,Heteropoda venatoria,Roaming,F,28.99,10.83,10.83,NA,18.16,11.33,NA,12.66,5.83,13.66,11.66,2.83,14.33,6,15.5,12.33,4.33,14.33,4.83,10.83,9.66,3.5,14.33,4.5,11.66,11.66,4.33,NA,NA,NA,NA
Eusparassidae,Isopeda bicolana,Roaming,M,12.7,5.2,5.65,4.1,7.5,4.2,4.2,9.2,3.3,10.2,9.1,2.5,10.6,3.55,11.85,10.4,2.8,6.1,2.4,5.8,5.1,1.9,7.8,2.6,7.3,7.1,2.3,2.5,1.1,2,3.2
Eusparassidae,Isopeda catmona,Roaming,M,8.6,4,3.3,1.8,4.6,2.1,2.1,7.4,2.1,7.5,7.35,1.9,7.2,2.2,8.2,7.4,2,4.6,1.5,4.75,4.4,1.5,6.5,1.55,5.8,7.05,1.7,1.9,0.85,1.2,1.85
Eusparassidae,Isopeda igraya,Roaming,F,13,6,6.2,4,7,5,4.1,6.9,2,6.5,6,2,7.8,3.1,7.3,6.9,2.2,6.3,2,5,4.6,1.8,6,2.1,5,5.4,2.1,2.3,0.9,1.7,2.9
Eusparassidae,Isopeda pseudokumanga,Roaming,M,16.9,8,8.4,4.1,8.9,6.7,5.8,12,4.6,13,13,3.2,13,4.7,13.8,12.5,3.4,8,3.4,7.5,6,3,9.5,3.6,9.2,9,3.5,3.7,1.6,2.5,3.5
Eusparassidae,Isopeda sungaya,Roaming,M,13.4,6,6.1,3.5,7.4,5,3.7,7.1,3.2,6.3,7,2.4,8.1,3.5,7.3,7.9,2.7,6,2.7,5.4,5,2,6.2,2.6,5.8,5.75,2.3,2.2,1,1.2,3.2
Eusparassidae,Isopeda tuhodnigra,Roaming,M,9.5,4.8,4.8,2.75,5.7,3.5,3.8,8.2,2.6,8.9,8.5,2.1,9.5,2.75,10.2,9.6,2.2,5.3,2,5,4.5,1.65,7.25,2.1,6.85,7,1.85,2.3,0.8,1.55,2.2
Eusparassidae,Olios mahabangkawitus,Roaming,M,6.75,3,3,2.2,3.75,2.4,2.5,4.45,1.7,4.3,4.3,1.4,4.9,1.9,5,5.35,1.6,3.55,1.35,3.1,3,1.15,4.25,1.4,3.8,4.05,1.25,1.25,0.6,0.8,1.5
Eusparassidae,Olios paalongus,Roaming,M,12.2,4.6,3.5,1.6,7.6,2,1.9,10.7,2.4,13.2,15.2,2.65,10.2,2.2,11.85,12.2,2.6,6.6,1.7,7.2,6.4,1.7,9.7,1.8,9.6,11.5,2.2,2.7,1.1,2,2.25
Eusparassidae,Olios perezi,Roaming,F,10,4.83,4.66,2.33,5.17,4.25,4.33,5,2.5,5.17,5,1.92,5.75,2.66,5.92,5.58,1.92,4.08,1.75,3.35,3.4,1.66,4.33,1.92,4.08,4.25,1.83,NA,NA,NA,NA
Eusparassidae,Thelcticopis huyoplata,Roaming,F,8.3,2.7,2.35,1.8,NA,NA,5.6,2.58,1.3,2.75,1.75,0.63,2.68,1.3,2.7,1.83,0.65,2.15,1,1.75,1.38,0.53,2.5,0.93,2.08,2.2,0.78,0.83,0.45,0.7,0.9
Eusparassidae,Thelcticopis kaparanganensis,Roaming,M,14.1,6,4.85,4,8.1,3.95,3.8,5.6,2.9,5.4,4.4,1.25,5.5,2.65,4.9,4.23,1.33,4.6,2.15,3.7,3.3,1.05,5.65,2.05,3,5.2,1.4,2,0.95,1,1.83
Eusparassidae,Thelcticopis kianganensis,Roaming,M,6.95,3.05,2.6,1.5,3.9,2.1,1.85,3.15,1.5,3.75,2.65,0.68,3.55,1.4,3.6,2.73,0.73,2.85,1.13,2.35,2.3,0.65,3.2,NA,NA,NA,NA,1.15,0.5,0.53,1.13
Eusparassidae,Thelcticopis simplerta,Roaming,M,16.3,7.1,NA,4.3,9.2,4.5,4.4,6.5,3.5,6.4,5.5,1.6,6.2,3.3,5.7,5.1,1.4,5.5,3,4.5,3.9,1.3,6.9,2.6,5.1,6.2,1.7,2.5,1.1,1.1,2.9
Gnaphosidae,Geodrassus ellenae,Roaming,F,6.5,2.2,1.8,1.1,4.3,2.7,2.45,1.8,1,1.4,1.3,1,1.68,0.85,1.25,1.15,0.9,1.6,0.5,1,1.1,0.8,1.9,0.95,1.6,1.8,1.05,0.9,0.35,0.55,0.85
Gnaphosidae,Geodrassus ellenae,Roaming,M,5.3,2.3,1.7,1.3,3,1.45,1.3,2.15,1.25,1.65,1.5,1.15,1.8,0.9,1.4,1.35,1.1,1.55,0.6,1.2,1.2,0.85,2.05,0.97,1.7,1.85,1.05,1.1,0.4,0.45,1.5
Gnaphosidae,Micaria siniloana,Roaming,F,4.36,2.12,1.72,1,2.24,1.36,1,1.84,0.96,1.4,1.12,1,1.44,0.8,1.24,1.08,0.92,1.28,0.64,1.04,1.04,0.8,NA,NA,NA,NA,NA,NA,NA,NA,NA
Gnaphosidae,Poecilochroa alcala,Roaming,F,4.65,1.84,1.24,1.08,2.72,1.52,1.4,1.2,0.6,0.92,0.64,0.44,1.28,0.68,0.92,0.72,0.52,1.36,0.64,0.8,0.92,0.6,1.46,0.72,1.2,1.28,0.6,0.56,0.24,0.3,0.48
Gnaphosidae,Poecilochroa dayamibrookina,Roaming,F,5.88,2.6,2.04,1.44,3.28,1.92,1.76,1.48,1,1.2,1,0.6,1.68,0.88,1.28,1,0.68,1.48,0.64,1.08,1.24,0.68,1.86,0.92,1.52,1.6,0.8,0.76,0.36,0.44,0.64
Gnaphosidae,Poecilochroa dayamibrookina,Roaming,M,3.48,1.6,1.2,0.84,1.88,1.24,0.8,1.04,0.56,0.76,0.64,0.44,1,0.48,0.64,0.64,0.42,0.92,0.4,0.64,0.68,0.44,1.24,0.64,1,1.08,0.52,NA,NA,NA,NA
Gnaphosidae,Poecilochroa otonensis,Roaming,F,6.12,2.92,1.72,0.88,3.2,1.56,1.44,2.4,0.84,2.16,2.48,1.2,1.84,0.72,1.84,1.48,1.08,1.76,0.64,1.4,1.44,0.88,1.88,0.68,1.68,1.48,1.16,NA,NA,NA,NA
Gnaphosidae,Poecilochroa parangunifascigera,Roaming,F,5.8,2.6,1.6,1.36,3.2,2.08,1.08,1.7,1,1.3,1.04,0.6,1.72,0.92,1.28,1.12,0.64,1.56,0.8,1.02,1.12,0.7,1.88,1.14,1.42,1.2,0.78,0.72,0.36,0.4,0.6
Gnaphosidae,Scotophaeus cecileae,Roaming,M,3.76,1.76,1.28,0.88,2,1.08,0.88,1.24,0.64,0.92,0.72,0.52,1.12,0.6,0.86,0.8,0.52,1,0.56,0.92,0.84,0.56,1.32,0.64,1.2,1.32,0.6,NA,NA,NA,NA
Gnaphosidae,Scotophaeus leoi,Roaming,M,6.85,3.3,2.45,1.5,3.55,1.8,1.75,NA,NA,NA,NA,NA,2.85,1.25,2.65,2.3,1.3,2.55,1.1,1.9,2.2,1.05,3.6,1.3,2.85,3.63,1.25,1.2,0.45,0.55,1.05
Gnaphosidae,Zelotes capiliae,Roaming,F,5.65,2.15,1.5,1.2,3.5,1.65,1.7,1.65,0.75,1.25,0.95,0.85,1.5,0.65,1.1,1,0.8,1.3,0.6,0.9,1.05,0.7,1.6,0.9,1.5,1.7,0.9,0.8,0.3,0.4,0.6
Gnaphosidae,Zelotes capiliae,Roaming,M,5.2,2.4,1.8,1,2.8,1.5,1.5,1.8,1,1.4,1.2,1.1,1.65,0.9,1.2,1.1,0.8,1.4,0.75,0.95,1,0.75,2,1.1,1.6,1.95,1,0.8,0.33,0.35,0.7
Gnaphosidae,Zelotes cavaleriei,Roaming,M,3.64,1.44,1.26,0.58,2.2,0.84,0.88,1.3,0.6,1.15,0.9,0.8,1.1,0.45,0.85,0.75,0.55,0.95,0.4,0.7,0.75,0.55,1.4,0.75,1.1,1,0.8,0.63,0.2,0.2,0.55
Hahniidae,Hahnia tuybaana,Sheet Web,F,1.66,0.74,0.6,0.5,0.92,0.76,0.72,0.6,0.24,0.5,0.36,0.4,0.46,0.2,0.32,NA,NA,0.5,0.2,0.38,0.34,0.32,0.56,0.22,0.56,0.48,0.34,0.23,0.12,0.15,0.25
Hahniidae,Neoantistea kaisaisa,Sheet Web,F,2.15,0.9,0.8,0.5,1.25,1,0.8,0.9,0.28,0.71,0.48,0.23,0.88,0.25,0.75,0.55,0.5,0.81,0.26,0.64,0.58,0.49,0.98,0.25,0.78,0.75,0.55,0.38,0.13,0.25,0.33
Hersiliidae,Hersilia clathrata,Roaming,F,12,4,3.65,2.55,8,6.17,4.65,9,1.8,8.7,7,2.35,8.8,1.85,8.8,7.1,2.65,2.5,1,2.3,2.65,1,7.1,1.5,7.5,6.69,1.4,1.8,0.75,1.2,1.5
Hersiliidae,Hersilia clathrata,Roaming,M,8.85,3.65,3.55,2.8,5.2,4,2.85,10.9,1.9,10.8,9.5,2.65,10.4,1.8,11.25,9.8,2.8,2.8,0.9,2.3,2.9,1.1,8,1.35,8.3,5.2,1.95,1.8,0.9,0.7,1.6
Linyphiidae,Atypena adelinae,Sheet Web,M,1.68,0.75,0.6,0.8,0.93,0.73,0.7,0.64,0.21,0.59,0.53,0.38,0.62,0.2,0.56,0.53,0.38,0.53,0.2,0.43,0.46,0.31,0.65,0.2,0.65,0.63,0.35,0.29,0.13,0.15,0.19
Linyphiidae,Atypena adelinae,Sheet Web,F,2.8,0.9,0.7,0.5,1.9,1.5,1.3,0.85,0.25,0.78,0.68,0.44,0.78,0.25,0.75,0.66,0.41,0.69,0.25,0.59,0.6,0.35,0.88,0.25,0.84,0.81,0.43,0.29,0.12,0.2,0.38
Linyphiidae,Atypena thailandica,Sheet Web,M,1.65,0.75,0.6,0.7,0.9,0.7,0.7,0.63,0.2,0.56,0.5,0.36,0.6,0.19,0.55,0.5,0.34,0.5,0.2,0.46,0.43,0.3,0.64,0.23,0.59,0.58,0.35,0.33,0.15,0.11,0.3
Linyphiidae,Atypena thailandica,Sheet Web,F,2.35,0.85,0.7,0.55,1.5,1.4,1.4,0.65,0.23,0.6,0.53,0.35,0.63,0.21,0.55,0.46,0.35,0.53,0.18,0.45,0.45,0.28,0.69,0.23,0.63,0.6,0.35,0.25,0.11,0.14,0.28
Linyphiidae,Bathyphantes tagalogensis,Sheet Web,F,2.05,0.85,0.6,0.48,1.2,0.8,1,0.75,0.28,0.63,0.63,0.45,0.78,0.23,0.55,0.55,0.4,0.68,0.25,0.5,0.5,0.34,0.95,0.26,0.68,0.65,0.48,0.25,0.13,0.15,0.81
Linyphiidae,Erigone bifurca,Sheet Web,M,1.35,0.75,0.55,0.5,0.6,0.5,0.4,0.63,0.2,0.6,0.45,0.35,0.53,0.19,0.5,0.4,0.34,0.4,0.18,0.36,0.35,0.28,0.5,0.19,0.53,0.44,0.3,0.55,0.28,0.2,0.28
Linyphiidae,Erigone bifurca,Sheet Web,F,1.56,0.65,0.53,0.45,0.91,0.68,0.68,0.53,0.19,0.48,0.39,0.3,0.53,0.19,0.39,0.35,0.3,0.4,0.15,0.35,0.3,0.26,0.52,0.17,0.5,0.35,0.24,0.24,0.1,0.15,0.25
Linyphiidae,Erigone malvari,Sheet Web,M,1.65,0.8,0.55,0.5,0.85,0.6,0.6,0.64,0.18,0.58,0.45,0.35,0.54,0.18,NA,NA,NA,0.38,0.19,0.34,0.31,0.28,0.5,0.19,0.54,0.46,0.33,0.55,0.25,0.25,0.35
Lycosidae,Arctosa tanakai,Roaming,F,6.4,NA,NA,NA,NA,NA,NA,2.1,1.05,1.7,1.5,0.9,1.8,0.95,1.5,1.4,0.8,1.8,0.8,1.25,1.5,0.85,2.5,1.1,1.9,2.5,1.2,1.15,0.55,0.65,0.75
Lycosidae,Arctosa tanakai,Roaming,M,5.7,3.4,2.7,2,2.3,1.8,1.65,2.25,1.1,1.8,1.8,1.05,2,1,1.6,1.65,0.9,1.8,0.95,1.25,1.8,0.85,2.3,1.2,2.1,2.6,1.3,1.1,0.45,0.5,0.85
Lycosidae,Artoria luwamata,Roaming,M,2.73,1.55,1.16,0.9,1.18,0.88,0.75,0.81,0.31,0.85,0.8,0.51,0.75,0.38,0.78,0.85,0.44,0.99,0.38,0.88,1.05,0.53,1.4,0.3,1.08,1.55,0.6,0.5,0.3,0.25,0.5
Lycosidae,Hippasa holmerae,Sheet Web,F,8.99,2.83,2.4,2,6.16,2.33,2.4,2.7,1.2,2.25,2.15,1.4,2.6,0.95,2.3,2.7,1.45,2.6,1.05,2.25,2.45,1.3,3.35,1.1,3.1,3.9,1.8,1.55,0.55,0.9,1.2
Lycosidae,Hippasa holmerae,Sheet Web,M,6.7,3,2.15,1.8,3.7,1.7,1.8,2.7,1.1,2.3,2.4,1.45,2.5,1.1,2.25,2.5,1.5,2.6,0.9,2.1,2.7,1.55,3.35,1,3,4,2,1.5,0.6,1,1
Lycosidae,Hippasa partita,Sheet Web,F,8,3.3,2.35,2.2,4.7,2.9,2.7,2.25,0.7,1.7,1.95,1.3,2.4,0.9,1.9,2,1.35,2.45,1,2,2.25,1.3,3.1,1.2,2.95,3.6,1.85,1.15,0.7,0.85,1.05
Lycosidae,Hippasa partita,Sheet Web,F,8,3.3,2.35,2.2,4.7,2.9,2.7,2.25,0.7,1.7,1.95,1.3,2.4,0.9,1.9,2,1.35,2.45,1,2,2.25,1.3,3.1,1.2,2.95,3.6,1.85,1.15,0.7,0.85,1.05
Lycosidae,Hogna bonifacioi,Roaming,M,12,5.8,4.7,2.3,6.2,2.5,3,5.3,2.35,4.4,4.4,2.7,4.7,2.25,3.8,4,2.4,4.5,1.95,3.6,4.5,2.4,5.5,2.2,4.8,6.5,3.25,2,1,1.25,1.9
Lycosidae,Hogna rizali,Roaming,M,7.9,4.6,3.3,2.3,3.3,2,1.8,3.6,1.8,3.2,3.3,2.15,3.5,1.7,2.75,3,1.95,3.25,1.4,2.2,3.4,1.9,4.4,1.75,3.4,5.15,2.4,1.65,0.75,1,1
Lycosidae,Pardosa apostoli,Retreat,F,7.16,3.33,2.66,1.8,3.83,2.33,2.4,2.91,1.25,2.58,2.33,1.5,3,1.25,2.25,2.25,1.58,2.5,1.25,2.16,2.41,1.25,3.33,1.33,3.25,4.41,2.08,1.32,0.64,0.8,1.32
Lycosidae,Pardosa apostoli,Retreat,M,6.83,3.5,2.66,2.16,3.33,1.66,1.91,NA,NA,NA,NA,NA,NA,NA,NA,NA,NA,NA,NA,NA,NA,NA,NA,NA,NA,NA,NA,NA,NA,NA,NA
Lycosidae,Pardosa birmanica,Retreat,F,7.05,3.5,2.4,2.3,3.55,2.5,2.5,2.65,1.2,2.3,2.1,1.5,2.5,1,1.85,2,1.4,2.1,1.1,1.95,2.15,1.3,3.2,1.25,2.6,4.1,1.75,1.2,0.55,0.85,1.25
Lycosidae,Pardosa birmanica,Retreat,M,5.7,3,2.5,2.2,2.7,1.9,1.9,1.9,1.05,2,1.95,1.3,2.05,1,1.8,1.9,1.1,1.9,0.9,1.55,1.9,1,2.6,0.95,2.2,3.5,1.6,1.1,0.5,0.7,1.3
Lycosidae,Pardosa caliraya ,Retreat,F,7.6,3,2.3,2.1,4.6,2.4,2.8,2.4,1.1,2.3,1.95,1.3,2.3,1,2.05,2,1.1,2,0.85,1.8,2.05,1.15,2.7,1.15,2.75,3.65,1.65,1.5,0.7,1,3.25
Lycosidae,Pardosa daniloi,Retreat,F,7.44,3.44,2.52,2,4,2.4,2,2.48,1.28,2.08,1.8,1.56,2.2,1.2,1.84,1.8,1.48,2.24,1.12,1.84,2.04,1.4,2.88,1.28,2.68,3.12,1.76,1.28,0.64,0.8,1.08
Lycosidae,Pardosa daniloi,Retreat,M,5.05,3.11,2.22,1.56,1.94,1.44,1.28,2.44,1.14,2.04,1.88,1.68,2.12,1.08,1.84,1.72,1.44,2.12,1,1.72,1.88,1.2,2.72,1.12,2.4,2.72,1.64,1.2,0.5,0.8,0.9
Lycosidae,Pardosa hawakana,Retreat,M,6.4,3.5,2.5,2,2.9,2.8,1.9,2.7,1.1,2.5,2.2,1.65,2.52,1,2,2.3,1.25,2.45,1.16,2,2.3,1.2,3.3,1.2,3,3.7,1.65,1.4,0.65,0.95,1.05
Lycosidae,Pardosa irriensis,Retreat,F,6.9,3.4,2.72,1.4,3.5,2.12,2,3,1.32,2.48,2.2,1.76,2.84,1,2.32,2.28,1.64,2.68,1.12,1.88,2.32,1.4,3.44,1.28,3,4.4,2.08,1.2,0.5,0.9,1.15
Lycosidae,Pardosa mabinii,Retreat,M,6.1,3.3,2.7,2.2,2.8,2.6,1.95,2.7,1.3,2.6,2.75,1.65,2.6,1.2,2.4,2.6,1.5,2.4,1.1,2.3,2.65,1.45,3.4,1.3,3.15,4.3,2,1.25,0.6,0.8,1.3
Lycosidae,Pardosa mackenziei,Retreat,M,5.5,2.9,2.7,1.3,2.6,1.4,1.8,3,1.4,3.2,3.2,1.85,3.1,1.1,3.1,3,1.8,2.8,1,2.5,2.7,1.5,4.15,1.35,3.8,4.7,2.2,1.5,0.7,0.95,1.5
Lycosidae,Pardosa mackenziei,Retreat,F,10.5,4.2,3.2,2.9,6.3,3.7,4.5,3.9,1.8,3.75,3.6,2,4,1.65,3.7,3.45,2.15,3.7,1.45,3,3.5,1.75,5,2,4.5,5.7,3,1.55,0.85,1.4,1.45
Lycosidae,Pardosa magkasalubonga,Retreat,F,6.6,3.6,2.5,2.2,3,2,1.7,2.35,1.2,2,1.7,1.2,2.25,1,1.8,1.55,1.15,2,0.9,1.5,1.8,1,3,1.3,2.5,3.05,1.4,1.2,0.55,0.8,0.9
Lycosidae,Pardosa magkasalubonga,Retreat,M,6.3,3.1,1.9,2,3.2,2,2.2,2.45,1.05,2.2,1.9,1.45,2.2,1.1,1.8,1.7,1.3,2.1,0.9,1.75,1.95,1.1,2.85,1.1,2.5,3.2,1.5,1.25,0.5,0.8,0.95
Lycosidae,Pardosa pahalanga ,Retreat,M,4,2.1,1.7,1.8,1.9,1.4,1.2,1.7,0.75,1.75,1.6,1.2,1.65,0.7,1.65,1.6,1.15,1.6,0.6,1.45,1.7,0.95,2.2,0.75,2.05,2.8,1.4,0.8,0.35,0.45,0.8
Lycosidae,Pardosa patapatensis,Retreat,F,6.26,3.38,2.5,1.94,2.88,1.72,1.38,2.4,1.12,2.28,2.08,1.64,2.12,0.9,1.72,2.08,1.48,2,1.06,2.04,2.32,1.36,2.48,1.16,2.2,2.08,1.48,1.2,0.6,0.92,1.12
Lycosidae,Pardosa pseudoannulata,Retreat,F,9.95,4.75,4,3,5.2,5.1,3.5,3.9,1.7,3.5,3,2.05,3.8,1.9,3.3,3.1,1.75,3.7,1.55,3.1,3.5,1.65,4.8,1.85,4.35,5.9,2.6,1.45,0.7,1.15,1.4
Lycosidae,Pardosa pseudoannulata,Retreat,M,6.8,3.6,3,1.8,3.2,1.8,1.7,3,1.4,2.75,2.6,1.7,2.9,1.35,2.6,2.6,1.5,2.8,1.2,2.3,2.8,1.3,3.55,1.45,3.2,4.35,2,1.5,0.75,1,1.5
Lycosidae,Pardosa sacayi,Retreat,M,6.3,3.35,2.4,1.8,2.95,1.6,1.2,2.6,1.05,2.35,2.15,1.6,2.52,1.2,2.1,2,1.5,2.45,1.15,2,2.04,1.32,3.2,1.3,3,3.65,1.65,1.3,0.5,0.9,1
Lycosidae,Pardosa santamaria,Retreat,M,4.96,2.8,1.48,1.66,2.16,2.2,1.38,2.2,0.96,2.04,1.96,1.4,2,0.92,1.72,1.8,1.36,1.84,0.8,1.56,2.08,1.14,2.62,1,2.36,3.52,1.72,NA,NA,NA,NA
Lycosidae,Pardosa sumatrana,Retreat,F,8.4,4.1,3.4,2.5,4.3,2.9,3.2,3.9,1.7,3.5,3.15,2,3.8,1.5,3.25,3.1,1.9,3.4,1.45,2.8,3.4,1.75,4.7,1.85,4.3,6.1,2.5,1.6,0.75,1.1,1.4
Lycosidae,Pardosa sumatrana,Retreat,M,7.5,4,3.2,2.4,3.5,1.7,1.8,3.5,1.45,3.5,3.35,1.9,3.4,0.95,2.55,3.15,1.85,3.3,1.35,2.85,3.05,1.5,4.3,1.65,3.7,5.5,2.25,1.6,0.7,1,1.5
Lycosidae,Pardosa warayensis,Retreat,M,6.4,3.2,2.6,2.1,3.2,1.6,1.8,2.6,1.1,2.5,2.3,1.5,2.5,1,2.3,2.2,1.35,2.2,0.9,2.1,2.4,1.1,3.25,1.1,2.95,3.4,1.75,1.3,0.5,0.75,1.4
Lycosidae,Pirata blabakensis,Retreat,F,6,2.9,2.3,1.95,3.1,1.8,1.75,2.25,1.1,1.9,1.85,0.8,2,0.85,1.55,1.6,0.6,1.75,0.8,1.4,1.75,0.65,2.8,1.05,2.3,2.7,1.1,1.1,0.4,0.7,0.8
Lycosidae,Pirata blabakensis,Retreat,M,4.5,2.4,1.8,1.3,2.1,1.3,1.25,2.2,0.75,1.85,1.8,0.8,1.9,0.75,1.6,1.75,0.85,1.6,0.5,1.25,1.6,0.7,2.35,0.7,2.1,2.6,0.95,0.95,0.3,0.45,0.7
Lycosidae,Pirata luzonensis,Retreat,F,5.4,2.7,2,1.5,2.7,1.5,1.45,2.3,0.9,2,1.9,0.85,1.95,0.85,1.6,1.65,0.8,1.9,0.7,1.4,1.6,0.7,2.6,0.9,2.4,2.65,1,0.95,0.4,0.6,0.7
Lycosidae,Pirata luzonensis,Retreat,M,5,2.6,1.9,1.4,2.4,1.15,1.5,2.6,1,2.4,2.5,1,2.15,0.9,1.9,2.1,0.9,2,0.8,1.5,1.85,0.75,3,1.05,2.45,3.05,1.1,1,0.45,0.6,0.8
Lycosidae,Schizocosa cotabatoana,Roaming,F,15.1,7,5.5,4.2,8.1,5.2,4.7,5,2.6,4,3.5,2.4,4.7,2.65,3.9,3.6,2.35,4.4,2.2,3.35,4,2.25,5.6,2.55,4.65,6.2,3.1,2.5,1.4,1.5,2.1
Lycosidae,Trochosa alviolai,Roaming,F,13.5,6,4.66,2.11,7.5,4.25,3.75,4.83,2.33,3.83,5.08,2.83,4,1.93,3.33,3,2.16,3.9,2.41,3.41,3.08,2.33,3.5,1.83,2.58,3.16,2,2.2,1,1.35,1.85
Lycosidae,Trochosa canapii,Roaming,F,15.08,7.08,5,2.08,8,4.83,3.6,4.88,2.66,4,3.66,2.5,4.38,2.5,3.5,3.5,2.88,3.72,2.22,3.16,3.66,2.72,5.27,2.5,4.44,6.27,3,2.2,1,1.5,2.1
Lycosidae,Venonia gabrielae,Sheet Web,F,3.5,1.5,0.95,0.85,2,1.2,1.2,1,0.4,0.9,0.75,0.7,0.95,0.3,0.8,0.7,0.6,0.9,0.25,0.7,0.75,0.55,1.05,0.5,1.25,1.3,0.8,0.55,0.25,0.3,0.5
Metidae,Leucauge argentina ,Orb Web,F,5.9,1.9,1.7,1.1,4,2.7,2.6,2.9,0.8,2.65,2.55,0.85,2.5,0.7,2,2.1,0.8,1.3,0.4,0.75,1,0.6,2.25,0.5,1.5,1.8,0.65,0.6,0.2,0.38,0.75
Metidae,Leucauge bontoc,Orb Web,F,6.7,2.5,1.6,1.1,4.2,2.1,1.75,4.05,1,3.75,4.1,1.2,3.15,0.95,2.6,3,1.05,1.9,0.55,1.1,1.5,0.7,3.3,0.75,2.3,2.7,0.65,0.9,0.35,0.55,0.85
Metidae,Leucauge celebesiana,Orb Web,F,8.16,2.66,2.25,1.75,5.5,3.33,3.33,5,1.33,4.75,5.16,1.5,3.92,1.16,3.42,3.83,1.25,2.16,0.66,1.5,1.83,0.83,3.92,0.92,2.83,3.16,1,0.95,0.35,0.7,1
Metidae,Leucauge decorata,Orb Web,M,4.8,1.7,1.25,0.9,3.1,1,1.1,6.1,1.05,6.5,7.05,1.65,4.4,0.9,4.15,4.4,1.2,2.45,0.5,1.45,1.9,0.7,4,0.6,3,3.45,0.85,1.1,0.3,0.7,0.68
Metidae,Leucauge decorata,Orb Web,F,7.32,2.44,1.77,1.11,4.88,2.22,3.11,4.72,1.11,4.38,4.61,1.5,3.72,0.94,3.05,3.33,1.11,2.11,0.55,1.27,1.66,0.8,3.77,0.75,2.61,3.05,1,0.9,0.35,0.62,0.95
Metidae,Leucauge fastigata,Orb Web,F,8.7,2.7,2.4,1.4,6,3.1,3,4.5,1.2,4,4.15,1.3,3.9,1.1,3,3.45,1.1,2.4,0.6,1.4,1.6,0.9,3.6,0.8,2.2,3.2,1,1.1,0.4,0.8,1.2
Metidae,Leucauge iraray,Orb Web,F,5,1.8,1.32,0.84,3.2,2.32,2,2.44,0.72,2.2,2.56,0.84,1.92,0.64,1.52,1.76,0.68,1.08,0.4,0.72,0.88,0.44,1.72,0.44,1.16,1.48,0.52,0.58,0.2,0.34,0.7
Metidae,Leucauge mahabascapea,Orb Web,F,5.55,2.1,1.7,1.1,3.45,2,1.5,3.55,0.9,3.55,3.8,1.15,2.9,0.8,2.5,2.8,0.9,1.7,0.5,1.1,1.3,0.55,2.75,1,2,2.3,0.7,0.7,0.2,0.5,0.75
Metidae,Leucauge parangscipinia,Orb Web,M,2.45,1.15,0.8,0.6,1.3,0.8,0.8,1.4,0.4,1.15,1.1,0.45,1.3,0.35,1.05,0.9,0.45,0.6,0.2,0.4,0.45,0.33,1,0.2,0.7,0.8,0.3,1,0.18,0.55,0.5
Metidae,Mesida matinika,Orb Web,M,6.15,2.35,1.7,1.75,3.8,1.5,1.6,4.8,1,4.6,5.2,1.1,3.45,0.75,3.15,3.55,0.95,1.95,0.5,1.2,1.55,0.6,3,0.55,2.2,2.65,0.65,1,0.28,0.38,0.93
Metidae,Mesida realensis,Orb Web,M,4.35,1.85,1.18,0.85,2.5,1.4,1.25,3.75,0.75,3.75,4.2,1.1,2.85,0.7,2.4,2.65,0.8,1.4,0.4,0.9,1.2,0.45,2.15,0.45,1.8,2.15,0.65,0.7,0.18,0.21,0.6
Metidae,Meta baywanga,Orb Web,M,4.48,2.2,1.52,0.136,2.28,1.2,1.36,2.8,0.52,2.76,3.2,1.7,2.32,0.52,2.2,2.64,1.2,1.6,0.44,1.28,1.8,0.72,2.4,0.48,2.08,2.76,1.08,NA,NA,NA,NA
Metidae,Meta tiniktirika,Orb Web,F,4.1,1.6,1.13,1.06,2.5,1.73,1.7,2.3,0.46,2.3,2.38,1.41,1.93,0.48,1.73,1.9,1.05,1.38,0.35,1.1,1.2,0.65,2.05,0.38,1.65,2.05,0.94,0.56,0.23,0.38,0.68
Metidae,Meta tiniktirika,Orb Web,M,3.95,1.9,1.35,1.1,2.05,1,1.1,2.38,0.45,2.4,2.8,1.45,2,0.43,1.9,2.25,1.03,1.45,0.35,1.23,1.55,0.65,2.05,0.4,1.95,2.9,1.5,0.85,0.23,0.3,1
Metidae,Phonognatha guanga,Orb Web,F,4.1,1.4,0.9,0.75,2.7,1.7,1.8,2.33,0.44,2.33,2.5,1.5,2,0.44,1.77,1.94,1.11,1.5,0.38,1.16,1.38,0.72,2.16,0.38,1.77,2.05,0.94,0.52,0.16,0.36,0.6
Metidae,Tylorida striata,Orb Web,M,4.05,1.72,1.44,1.11,2.33,1.38,1.66,4.66,0.88,4.88,4.38,1.16,2.72,0.62,2.4,3,0.8,1.37,0.37,0.95,1.15,0.5,2.47,0.5,2,2.25,0.62,NA,NA,NA,NA
Metidae,Tylorida striata,Orb Web,F,3.17,1.17,0.95,0.8,2,1,1.4,2.52,0.52,2.32,2.68,0.92,1.6,0.44,1.32,1.48,0.64,0.88,0.28,0.56,0.6,0.44,1.6,0.32,1.12,1.2,0.5,NA,NA,NA,NA
Mimetidae,Ero luzonensis,Roaming,M,2.31,1.13,0.88,0.95,1.18,0.91,0.88,1.9,0.4,1.85,0.98,0.93,1.5,0.38,1.4,0.83,0.78,0.88,0.25,0.6,0.44,0.45,1.25,0.35,0.86,0.6,0.53,0.41,0.13,0.24,0.35
Mimetidae,Ero salittana,Roaming,M,2.05,0.95,0.8,0.58,1.1,1.2,0.95,2.15,0.45,2.15,2,0.9,1.7,0.3,1.5,1.3,0.6,1.1,0.2,0.75,0.6,0.6,1.4,0.25,1.15,1,0.55,1.25,0.2,1.1,0.35
Mimetidae,Mimetus marjoreae,Roaming,F,4.96,2.18,1.5,1.2,2.78,2.65,1.85,4.6,0.93,4.63,4,1.8,3,0.83,3.08,2.6,1.15,2,0.55,1.55,1.45,0.8,2.68,0.6,2.15,2.05,0.79,0.7,0.3,0.55,1
Oonopidae,Opopaea batanguena,Roaming,M,1.48,0.54,0.44,0.16,0.94,0.52,0.36,0.32,0.2,0.22,0.2,0.14,0.3,0.2,0.22,0.2,0.14,0.24,0.16,0.16,0.16,0.12,0.32,0.2,0.28,0.24,0.16,0.1,0.22,0.06,0.18
Oonopidae,Opopaea batanguena,Roaming,F,1.68,0.56,0.46,NA,1.12,0.6,NA,0.34,0.16,0.22,0.22,0.16,0.3,0.18,0.23,0.22,0.14,0.26,0.16,0.18,0.18,0.14,0.34,0.2,0.3,0.24,0.2,NA,NA,NA,NA
Oxyopidae,Oxyopes aspirasi,Roaming,M,7.45,3.35,2.85,1.8,4.1,1.8,1.6,3.6,1.2,3.85,4.25,1.9,3.4,1.15,3.45,3.9,1.45,3,0.85,2.6,3.2,1.1,3.47,1.1,2.9,4,1.3,1.2,0.4,0.5,1.55
Oxyopidae,Oxyopes bikakaeus,Roaming,F,11,3.5,3.16,3,7.5,4.32,4.16,4.24,1.28,4,3.36,1.44,3.64,1.28,3.68,3.08,1.36,3.28,1.2,2.68,2.72,1,3.2,1.12,2.52,2.88,0.94,1.08,0.52,0.96,1.32
Oxyopidae,Oxyopes bikakaeus,Roaming,M,7.76,3.64,3.08,1.9,4.12,1.92,2.37,3.44,1.2,3.4,3.2,1.48,3.12,1.24,3.24,3,1.32,2.64,1.06,2.32,2.4,1,2.4,0.98,2.04,2.6,1.04,NA,NA,NA,NA
Oxyopidae,Oxyopes delmonteensis,Roaming,M,4.8,2.2,2,1.76,2.6,1.32,1.28,2.6,0.72,2.76,3,1.28,2.36,0.68,2.44,2.72,1.04,2.08,0.64,1.88,2.32,0.8,2.48,0.68,2.16,3,1,0.88,0.26,0.43,1.29
Oxyopidae,Oxyopes javanus,Roaming,F,9.2,3.32,2.8,2.5,5.88,2.27,2.83,2.72,0.88,2.92,2.56,1.12,2.64,0.96,2.48,2.72,0.96,2.28,0.92,2.04,2.88,2.76,0.92,2.04,2.88,0.84,9.44,0.84,0.42,0.64,1
Oxyopidae,Oxyopes javanus,Roaming,M,7.36,3.52,2.6,2.24,3.84,1.2,1.14,3.92,1.18,4.24,4.4,1.92,3.6,1.04,3.56,4.12,1.56,3.2,1.04,2.88,3,1.12,3.88,1.12,3.2,4.24,1.32,NA,NA,NA,NA
Oxyopidae,Oxyopes lineatipes,Roaming,M,6.7,3.2,2.45,1.7,3.5,1.35,1.5,3.7,1.05,4,4.25,1.85,3.3,1,3.5,3.7,1.45,2.8,0.9,2.4,2.9,1.1,3.45,0.95,2.9,3.9,1.3,1,0.3,0.4,1.5
Oxyopidae,Oxyopes matiensis,Roaming,F,7.2,2.64,2.8,2.2,4.56,1.64,1.52,3.68,1.04,4.08,3.96,1.4,3.4,1,3.64,3.68,1.2,2.8,0.84,2.68,3,0.94,3.14,0.92,3.08,3.84,1.08,1,0.44,0.84,1.2
Oxyopidae,Oxyopes matiensis,Roaming,M,6.96,2.6,2.32,1.8,4.35,1.16,1.56,3.56,0.92,4.08,4.36,1.8,3.36,0.92,3.6,3.92,1.4,2.92,0.88,2.72,3.04,1,3.36,0.92,3.2,4,1.24,NA,NA,NA,NA
Oxyopidae,Oxyopes pingasus,Roaming,M,8.35,3.35,2.8,2.2,5,1.7,1.9,4.2,1.15,4.6,4.35,1.5,NA,NA,NA,NA,NA,3.4,1,3,3.5,1.2,3.9,1.1,3.4,4.6,1.35,1.2,0.4,0.6,1.65
Oxyopidae,Oxyopes tiengianensis,Roaming,F,9.5,3.4,2.8,2,6.1,1.65,1.5,5.1,1.4,5.55,5.05,2.15,4.65,1.35,5,4.75,1.8,3.55,1.1,3.5,3.65,1.4,5,1.25,4.25,5.2,1.1,1.35,0.55,0.95,1.56
Oxyopidae,Peucita myanmarensis,Roaming,M,8.3,3.8,2.9,1.9,4.5,2.1,2,7.5,1.5,8.15,9.3,4.4,6,1.4,6.6,7,2.8,4.9,1.25,4.7,5.1,1.7,5.7,1.3,5.4,6.1,1.8,2.7,0.9,1.65,1.1
Oxyopidae,Peucita myanmarensis,Roaming,F,14.6,6.2,4.6,3.7,8.4,4.6,4.5,7.8,2.3,8.35,8,3.65,7.1,2.1,7,6.5,2.75,6.1,1.9,5.1,4.9,1.95,6,2,5.65,5.8,2.1,2,0.8,1.4,2
Philodromidae,Philodromus kianganensis,Roaming,F,3.08,1.13,1.25,0.5,1.95,1.23,0.85,1.1,0.4,0.9,0.71,0.5,1.4,0.6,1.2,0.85,0.53,1.2,0.35,0.85,0.7,0.45,1.35,0.4,0.85,0.63,0.4,0.34,0.2,0.24,0.3
Philodromidae,Thanatus parangvulgaris,Roaming,M,4.4,2.1,2,1.5,2.3,1.5,1.5,2.5,1,2,1.7,1.35,2.7,1.1,2.45,2.05,1.4,2.4,0.85,1.9,1.65,1.2,2.75,0.9,2,2.15,1.3,0.7,0.3,0.35,0.6
Philodromidae,Thanatus parangvulgaris,Roaming,F,4.8,2,1.95,1.5,2.8,2,1.6,2.1,0.9,1.7,1.4,1.2,2.4,1,1.9,1.7,1.15,2.1,0.8,1.5,1.15,1,2.2,0.85,1.7,1.55,1.1,0.8,0.4,0.35,0.6
Pholcidae,Artema sp.,Irregular web,YF,2.86,1.06,1.06,0.75,1.8,1.36,1.4,3.32,0.44,3.36,4.08,1,2.6,0.4,2.36,3,0.8,2,0.36,1.64,2.32,0.72,2.8,0.4,2.56,3.12,0.72,NA,NA,NA,NA
Pholcidae,Pholcus phalangioides,Irregular web,M,6.3,1.5,1.1,0.75,4.8,1.2,1,6.3,0.5,5.4,8.4,1.3,9.1,0.65,8.5,13.9,1.9,6.3,0.55,5.55,8.4,1.2,8.9,0.6,7.9,12.4,1.75,0.73,0.28,1.13,1.08
Pisauridae,Perenethis kawangisa,Roaming,M,13.6,4.4,3.5,2.25,9.2,2.6,2.8,7.5,1.85,7.4,7.3,3.4,7.6,1.95,7.5,7.6,3.35,5.85,1.5,5.05,5.5,2.1,7.4,1.7,6.75,7.8,2.65,2.25,0.6,0.75,2.3
Pisauridae,Perenethis unifasciata,Roaming,F,9.16,3.5,2.75,1.77,5.66,2.16,1.75,5.33,1.45,5.16,4.83,2.42,5.5,1.58,5.66,5.16,2.66,4.33,1.16,3.58,3.91,1.66,5.41,1.33,4.75,5.66,2.25,1.5,0.66,1,1.75
Pisauridae,Pisaura parangbusta,Roaming,M,9.6,4.1,3,2.5,5.5,2.75,2.8,4.7,1.75,4.6,4.25,1.75,4.9,1.8,4.5,4.1,1.85,4,1.4,3.65,3.5,1.7,4.8,1.6,4.15,4.9,2,1.6,0.55,0.9,1.3
Pisauridae,Pisaura putiana,Roaming,M,8.6,3.7,2.9,2.2,4.9,2.2,2.1,4.5,1.65,4.3,4.2,1.9,4.45,1.75,4.05,3.8,1.85,3.7,1.4,3.1,3.2,1.3,NA,NA,NA,NA,NA,1.5,0.5,0.7,1.5
Pisauridae,Thalassius albocinctus,Roaming,F,14,6.2,5.1,4,7.8,4.1,4,7.5,2.9,7.2,5.85,2.2,7.7,3,7.1,6.2,2.6,6.4,2.6,6,5.55,2.25,8.1,2.65,6.75,7,2.45,2.5,1.05,1.5,2.1
Pisauridae,Thalassius balingkinitanus,Roaming,M,7.95,3.6,2.9,1.8,4.35,1.85,1.5,NA,NA,NA,NA,NA,7.85,2,7.5,7.15,5.05,4,1.15,3.1,3.25,1.25,8.2,1.75,6.8,7.6,4.15,3.9,1.9,0.95,1.9
Pisauridae,Thalassius bottrelli,Roaming,F,12.95,4.05,3.25,2,8.9,2.5,2.2,8.6,2.2,9,9.1,8.4,6.9,2,6.6,6.6,5.1,3.9,1,2.8,3,1.1,7.8,1.7,6,7.2,4.4,2.25,1,1.2,1.6
Salticidae,Bianor  hotingchiehi,Retreat,M,5.75,2.85,2.6,1.15,2.9,1.8,0.75,1.85,1.25,2.1,1.5,0.7,1.2,0.8,0.95,0.8,0.45,1.5,0.8,0.88,0.75,0.5,1.4,0.7,0.96,0.9,0.45,1,0.45,0.4,0.55
Salticidae,Bianor  hotingchiehi,Retreat,F,4.75,2.35,1.8,1.25,2.4,1.7,1.35,1.3,0.8,1.15,0.7,0.45,1,0.7,0.7,0.58,0.38,1.33,0.75,0.83,0.65,0.33,1.13,0.68,0.75,0.85,0.41,0.6,0.25,0.26,0.4
Salticidae,Chalcotropis luceroi,Retreat,M,8.7,4.2,3.15,3.3,4.5,1.8,2.2,3.35,1.65,3.4,2.75,1.35,2.7,1.35,2,2.15,0.9,3.2,1.5,2.4,2.65,1.15,2.6,1.1,2.2,2.6,1,1.6,0.8,0.95,1.1
Salticidae,Cosmophasis estrellaensis,Retreat,M,7.1,3.1,2.4,1.6,4,1.45,0.9,2.3,1.05,1.6,1.45,0.6,2.2,1.1,1.85,1.55,0.65,1.9,0.7,1.6,1.8,0.7,2.15,0.9,1.6,1.8,0.7,1.2,0.55,0.6,0.95
Salticidae,Cosmophasis parangpilota,Retreat,M,6.7,2.8,2.1,1.3,3.9,1.8,1.3,1.6,0.95,1.33,1.2,NA,1.5,0.8,1.3,1.1,0.6,1.4,0.75,1.2,1.25,NA,1.9,0.8,1.55,1.5,0.55,0.9,0.33,0.45,1.41
Salticidae,Cosmophasis trioipina,Retreat,M,8.3,3.4,2.65,2,4.9,1.8,1.65,2.5,1.5,1.8,1.65,0.7,2.4,1.3,2.25,2.05,0.75,2.2,0.95,1.5,1.75,0.65,2.35,1,1.85,2.2,0.7,1.25,0.78,0.63,0.93
Salticidae,Emathis astorgasensis,Retreat,M,9.66,4.33,3.5,2.5,5.33,2.5,2.5,3.12,2.2,2.8,2.16,1.16,2.72,1.72,2.16,1.8,0.96,2.6,1.72,2.2,1.68,1,2.44,0.92,1.8,2.08,1.04,NA,NA,NA,NA
Salticidae,Emathis astorgasensis,Retreat,F,13.16,5.66,1,2.66,7.5,5,4.16,3,2.28,2.88,2.32,1.2,3,2,2.44,2.08,1.12,3,1.56,2.16,2.44,1.24,4.2,2.08,2.68,2.68,1.4,NA,NA,NA,NA
Salticidae,Emathis makiligensis,Retreat,F,11.49,5.16,3.92,2.48,6.33,3.16,2.96,3.11,2.11,2.94,2.05,1.11,2.91,1.72,2.22,1.72,1.11,3.77,1.88,2.44,2.61,1.22,3.16,1.33,2.22,2.5,1.11,NA,NA,NA,NA
Salticidae,Epeus edwardsi,Retreat,M,9.15,3.75,3.1,2,5.4,1.6,1.8,4.25,1.75,4.6,3.3,1.1,3.9,1.65,3.5,2.7,1,4.2,1.4,3.4,3.5,1.1,3.1,1,2.75,2.9,0.9,1.6,0.7,0.6,1.4
Salticidae,Epeus hawigalboguttatus,Retreat,M,7.2,3.4,2.8,1.7,3.8,1.4,1.4,2.8,1.1,2.5,1.9,0.85,2.5,1.05,2.25,1.85,0.8,2.75,0.65,1.8,2.2,1,2.25,0.95,2,2.15,0.95,1.1,0.45,0.35,1
Salticidae,Gambaquezonia itimana,Retreat,F,6.1,2.4,1.6,1.3,3.7,1.5,0.8,2.25,0.9,1.8,1.6,0.55,1.75,0.7,1.35,1.3,0.6,1.65,0.65,1.4,1.5,0.65,2.1,0.7,1.55,1.85,0.55,0.75,0.33,0.3,0.83
Salticidae,Gangus manipisus,Retreat,M,5.85,2.45,1.7,0.95,3.4,1.7,0.95,1.5,0.9,1.35,0.8,0.45,0.9,0.55,0.65,0.33,0.3,1.15,0.6,0.63,0.63,0.4,1.25,0.58,0.83,0.68,0.35,0.36,0.16,0.18,0.38
Salticidae,Harmochirus brachiatus,Retreat,M,4.2,2.2,1.96,NA,2,1.56,NA,1.6,1.08,1.4,1.36,0.88,1,0.52,0.8,0.68,0.56,1.16,0.54,0.76,0.76,0.52,1.12,0.52,0.88,0.88,0.52,NA,NA,NA,NA
Salticidae,Harmochirus brachiatus,Retreat,F,4.44,1.8,1.54,1.04,2.64,2.08,1.76,1.16,0.6,0.8,0.56,0.52,0.86,0.56,0.6,0.54,0.42,1,0.6,0.6,0.6,0.44,1.12,0.48,0.8,0.8,0.48,NA,NA,NA,NA
Salticidae,Hasarius adansoni,Retreat,M,5.48,2.44,1.72,0.88,3.04,1.2,1.1,2.1,1.05,1.9,1.4,0.9,1.6,1,1.3,1,0.75,1.9,0.95,1.1,1.1,0.7,1.8,0.9,1.3,1.4,0.75,1.1,0.62,0.78,0.7
Salticidae,Hyllus maskaranus,Retreat,F,14.75,6.2,5.2,3.7,8.55,4.9,4.2,3.4,2.4,3.15,1.8,1,2.65,1.7,2.1,1.3,1,3.75,2.1,2.1,2,1.15,3.55,1.85,2.8,2.3,1.1,1.7,0.75,0.95,1.5
Salticidae,Mantisatta longicauda,Retreat,F,8.08,2.08,1.2,0.5,6,1,0.55,1.56,0.64,1.72,1.16,0.56,0.76,0.42,0.6,0.42,0.26,0.6,0.34,0.42,0.48,0.24,0.88,0.4,0.8,0.68,0.32,0.6,0.25,0.27,0.27
Salticidae,Myrmarachne bidentata,Retreat,M,7.55,4.25,2.3,2,3.3,2.2,2,2.75,1.2,3.3,1.45,0.7,2.25,0.95,1.9,1.2,0.5,2.35,1.05,1.8,1.75,0.6,3.45,1.1,2.9,2.7,0.75,1.05,0.53,0.71,0.88
Salticidae,Myrmarachne caliraya,Retreat,M,6.4,3.6,2.35,2.6,3.3,2.45,2.7,3.1,1.45,3.2,1.2,0.7,1.9,0.9,1.7,1,0.55,1.85,0.8,1.6,1.35,0.65,3,1,2.4,2.1,0.75,1.1,0.5,0.9,0.9
Salticidae,Myrmarachne markaha,Retreat,M,5.76,2.41,1.41,0.95,3.35,1,0.8,1.4,0.65,1.28,0.73,0.44,1,0.48,0.88,0.6,0.33,0.98,0.43,0.75,0.83,0.35,1.43,0.58,1.29,1.13,0.36,0.53,0.23,0.3,0.46
Salticidae,Myrmarachne onceana,Retreat,M,4.75,2.55,1.55,1.28,2.2,1.25,1.18,1.81,0.65,1.58,0.94,0.45,1.2,0.58,1.03,0.69,0.35,1.25,0.53,1,1.01,0.44,1.9,0.68,1.63,1.5,0.48,0.76,0.3,0.46,0.6
Salticidae,Myrmarachne pinakapalea,Retreat,F,5.85,3.2,1.8,1.5,2.65,1.88,1.65,2.6,1,2.55,1.35,0.6,1.75,0.8,1.48,1,0.5,1.9,0.75,1.45,1.35,0.5,2.85,0.9,2.3,2,0.65,0.85,0.4,0.7,0.65
Salticidae,Myrmarachne pinoysorum,Retreat,M,3.5,2,1.1,0.9,1.5,1.05,1,1.3,0.48,1.1,0.6,0.38,0.85,0.4,0.7,0.45,0.28,0.95,0.35,0.7,0.65,0.3,1.35,0.45,1.25,0.95,0.4,0.55,0.25,0.3,0.48
Salticidae,Myrmarachne vulgarisa,Retreat,F,5.6,2.7,1.05,0.85,2.9,1.7,1.6,1.38,0.73,1.29,0.75,0.41,0.93,0.55,0.88,0.55,0.35,1.18,0.53,0.84,0.8,0.41,1.71,0.75,1.35,1.25,0.5,0.53,0.29,0.35,0.6
Salticidae,Phaeacius mainitensis,Retreat,M,7.9,3.7,2.8,2,4.2,1.8,1.5,2.5,1.05,2.25,2.05,0.75,2.4,1.15,2.3,2,0.8,2.2,1,2.2,2.15,0.6,2.6,1,2.5,2.55,0.9,1.15,0.5,0.35,1.55
Salticidae,Phintella bunyiae,Retreat,F,4.51,1.7,1,0.95,2.84,1.5,1.13,0.68,0.33,0.53,0.38,0.3,0.56,0.23,0.45,0.39,0.29,0.71,0.26,0.48,0.6,0.34,0.85,0.3,0.6,0.65,0.35,0.38,0.2,0.19,0.31
Salticidae,Phintella piatensis,Retreat,F,4.28,2,1.52,1.04,2.28,1.32,1.2,0.86,0.46,0.7,0.64,0.4,0.76,0.44,0.68,0.64,0.4,1.4,0.46,0.96,1.04,0.56,1.12,0.46,1,1.04,0.56,NA,NA,NA,NA
Salticidae,Plexippus calcuttaensis,Retreat,F,11.33,4.25,3.33,2.08,7.08,5.48,4,2.41,1.25,1.83,2.08,1.16,2,1.25,1.83,1.58,1.16,2.16,1.33,1.75,1,1,2.25,1.25,1.58,1,1,1.2,0.6,0.7,1
Salticidae,Plexippus paykulli,Retreat,F,9.25,3.6,2.7,1.65,5.65,3.4,3,2,1.25,1.5,1.1,0.8,1.8,1.1,1.4,0.85,0.75,2,1,1.15,1.25,0.9,2.15,1,1.6,1.35,0.8,0.95,0.35,0.5,0.75
Salticidae,Plexippus petersi,Retreat,M,6.5,3.2,2.2,1.9,3.3,1.65,1.6,1.9,1.05,1.6,1,0.75,1.7,0.85,1.2,0.95,0.65,1.85,1,1.45,1.2,0.7,1.95,0.9,1.5,1.6,0.78,1,0.4,0.3,0.75
Salticidae,Rhene habahumpa,Retreat,M,5.5,2.2,2.2,1.4,3.3,1.6,1.63,1.4,0.7,0.9,0.5,0.4,1.1,0.55,0.6,0.45,0.4,1,0.45,0.45,0.5,0.35,1.2,0.65,0.7,0.75,0.45,0.8,0.25,0.25,0.6
Salticidae,Rhene hinlalakea,Retreat,M,6.85,2.85,2.9,2,4,2.4,1.6,2,1.45,1.35,0.9,0.6,1.45,0.9,1,0.75,0.6,1.3,0.7,0.7,0.5,0.4,1.5,0.8,0.95,0.7,0.5,1.1,0.35,0.25,0.7
Salticidae,Simaetha damongpalaya,Retreat,M,5.7,2.6,2.5,1.5,3.1,2.2,2,1.7,1.1,1.2,1,0.65,1.25,0.65,1,0.8,0.4,1.2,0.55,0.7,0.75,0.35,1.5,0.75,1,0.85,0.4,0.9,0.45,0.4,0.5
Salticidae,Simaetha makinanga,Retreat,F,10.2,4,3.6,2.5,6.2,3.7,3.2,2.5,1.5,1.6,1.3,1,2.15,1.1,1.7,1.35,0.7,1.1,0.95,1.35,1.25,0.55,3,1.1,2.15,1.8,0.65,1.1,0.35,0.5,0.75
Salticidae,Spartaeus uplandicus,Retreat,F,7.2,3,2.4,1.8,4.2,1.8,1.2,2.9,1.5,2.85,1.8,0.65,2.25,1.05,2,1.5,0.6,2.1,0.75,1.8,1.7,0.7,2.8,1,2.65,2.7,1,1.1,0.6,0.7,1.2
Salticidae,Telamonia masinloc,Retreat,M,8.5,3.56,3,1.94,4.94,2.11,2.11,2.83,1.58,2.5,1.66,1.16,2.66,1.42,2,1.5,1.08,2.66,1.08,1.4,1.85,0.65,2.75,1,2.1,2.35,0.7,1.05,0.6,0.55,0.75
Salticidae,Telamonia parangfestiva,Retreat,F,9.63,3.8,2.8,2.2,5.83,1.8,1.94,2.6,1.5,2.5,1.8,0.85,1.95,1.2,1.75,1.25,0.6,2.1,1.1,1.4,1.85,0.65,2.75,1,2.1,2.35,0.7,1.05,0.6,0.55,0.75
Salticidae,Thiania viscaensis,Retreat,F,7.36,3.36,2.44,1.12,4,2.32,1.68,2.12,1.4,2,1.32,0.8,1.8,1.16,1.6,1.16,0.72,1.8,1.12,1.48,1.48,0.76,1.68,1,1.6,1.4,0.8,0.88,0.55,0.41,0.88
Scytodidae,Scytodes thoracica,Roaming,F,6,3.1,2.2,2.2,2.9,2.2,1.9,4.3,0.6,4.6,5.75,0.65,3.2,0.55,3.2,3.8,0.5,2.25,0.45,2.1,2.1,0.55,3.3,0.5,3.45,3.6,0.75,0.7,0.35,0.5,0.7
Tetragnathidae,Dyschirognatha hawigtenera,Orb Web,F,2.35,1.15,0.8,0.85,1.2,1,0.95,1.2,0.38,1.24,1.09,0.6,1.15,0.35,1.05,0.89,0.53,0.75,0.25,0.58,0.58,0.34,1.13,0.3,0.85,0.75,0.38,0.4,0.15,0.34,0.48
Tetragnathidae,Dyschirognatha hawigtenera,Orb Web,M,2.21,1.18,0.8,0.63,1.03,0.95,0.95,1.25,0.36,1.34,1.14,0.6,1.15,0.35,1.18,1,0.56,0.78,0.28,0.66,0.6,0.36,1.06,0.25,0.9,0.75,0.38,0.5,0.14,0.25,0.63
Tetragnathidae,Pachygnatha ochongipina,Orb Web,M,4.65,2.15,1.8,1.4,2.5,1.8,1.7,2.8,0.8,2.75,2.15,1.15,2.45,0.7,2.45,1.85,1,1.6,0.6,1.3,1,0.55,2.35,0.65,2.1,1.7,0.7,1.1,0.35,0.5,1
Tetragnathidae,Tetragnatha ceylonica,Orb Web,F,11.75,2.95,1.85,1.2,8.8,3.2,2.9,7,1.35,7.1,7.6,1.4,4.65,1,3.8,4.1,0.9,2.3,0.55,1.4,1.7,0.6,4.7,0.7,3.5,4,0.8,1,0.35,0.75,0.9
Tetragnathidae,Tetragnatha ceylonica,Orb Web,M,7.43,2.66,1.55,0.88,4.77,1.22,1.12,7.11,1.11,7.3,8,1.55,4.88,0.88,4.11,4.33,1,2.11,0.44,1.22,1.77,0.66,4.88,0.66,3.61,4.33,0.88,1.5,0.4,0.79,0.88
Tetragnathidae,Tetragnatha desaguni,Orb Web,M,8.3,2.1,1.1,0.6,6.2,0.75,0.7,6.6,0.8,6.95,6.5,1.45,4.9,0.7,4.55,4.3,1.15,3,0.4,2.05,2.3,0.7,5.4,0.55,4.5,4.25,0.8,1.28,0.35,0.53,1.1
Tetragnathidae,Tetragnatha iwahigensis,Orb Web,M,9.64,3.2,1.88,1.84,6.44,1.36,1.4,9.33,1.44,9.67,11.11,1.78,5.89,1,5.44,6.33,0.33,2.61,0.67,1.78,2.33,0.78,6.56,0.88,5,6.11,1.11,2.04,0.56,0.84,1.2
Tetragnathidae,Tetragnatha javana,Orb Web,F,14.7,3.1,1.5,1,11.6,1.5,1.4,6.8,1.15,6.9,7.4,1.4,4.3,0.9,3.7,3.8,0.9,2.2,0.5,1.2,1.6,0.6,4.8,0.7,3.5,3.5,0.7,1,0.4,0.65,0.9
Tetragnathidae,Tetragnatha javana,Orb Web,M,10.5,2.8,1.3,0.9,8.7,1,0.95,8.45,1.1,9.05,9.5,1.7,5,0.8,4.45,4.65,1,2.6,0.4,1.45,2,0.6,5.7,0.7,4.5,4.4,0.8,1.6,0.4,0.6,0.9
Tetragnathidae,Tetragnatha llavaca,Orb Web,M,4.7,1.7,0.9,0.9,3,1,0.8,4.45,0.7,4.3,4.7,1,2.5,0.55,2.1,2.1,0.6,1,0.4,0.7,0.9,0.4,2.8,0.4,2,2.4,0.65,0.9,0.15,0.38,0.65
Tetragnathidae,Tetragnatha mandibulata,Orb Web,F,11.1,3.1,1.6,1.3,8,2.3,2.4,9,1.3,9.7,10.25,1.65,6.05,1.05,5.25,5.55,1.1,2.8,0.6,1.8,2.35,0.65,6.5,0.85,4.85,5.6,0.9,1.6,0.5,1.3,1.3
Tetragnathidae,Tetragnatha mandibulata,Orb Web,M,13.1,3.77,2.11,2,9.33,1.94,2.02,7.5,0.9,7.8,8,1.8,5.05,0.8,4.55,4.5,1.1,2.4,0.5,1.4,1.85,0.65,5.2,0.6,4.05,4.4,1,1.5,0.63,0.68,1.1
Tetragnathidae,Tetragnatha maxillosa,Orb Web,F,9.6,2.6,1.5,1,7,1.5,1.9,7.5,1,7.4,8.1,1.65,4.6,0.75,4,4.4,1,2.3,0.4,1.4,1.8,0.65,4.75,0.6,3.5,3.9,0.95,1,0.35,0.7,1.05
Tetragnathidae,Tetragnatha maxillosa,Orb Web,M,6.8,2.4,1.5,1,4.4,1.4,1.1,5.3,0.65,5.4,5.7,1.6,3.2,0.5,2.9,3,0.95,1.65,0.3,1.05,1.2,0.55,3.6,0.4,2.7,2.95,0.85,0.9,0.3,0.43,0.65
Tetragnathidae,Tetragnatha nitens,Orb Web,F,6.05,2.15,1.4,0.85,3.9,1.5,1.4,4.1,0.95,4,4.1,1.35,3.1,0.75,2.4,2.5,0.75,1.5,0.5,1,1.15,0.45,3.2,0.55,2.35,2.5,0.75,1,0.35,0.6,0.85
Tetragnathidae,Tetragnatha nitens,Orb Web,M,11,3.9,2.2,1.8,7.1,1.55,1.55,9.1,1.5,9.9,10.1,2.35,7,1.3,6.5,6.5,1.5,3.5,0.75,2.5,2.55,0.75,6.9,1,5.85,6.05,1,2.5,0.95,1.3,1.25
Tetragnathidae,Tetragnatha okumae,Orb Web,M,6.48,2.2,1.28,1.2,4.28,1.12,1.12,7.17,1,7.67,8.04,1.5,4.42,0.75,4,4.25,0.83,1.92,0.5,1.25,1.58,0.58,4.42,0.63,3.75,4.17,0.92,1.38,0.35,0.45,0.98
Tetragnathidae,Tetragnatha vermiformis,Orb Web,F,7.4,NA,NA,NA,NA,NA,NA,5.2,1,5.3,5.25,1.3,3.6,0.85,3.3,3.2,0.85,1.7,0.5,1.25,1.3,0.5,4,0.6,3.1,3.3,0.7,0.9,0.35,0.65,0.9
Tetragnathidae,Tetragnatha vermiformis,Orb Web,M,9.2,3.6,2.2,1.4,5.6,1.5,1.6,8.5,1.35,8.9,9.25,1.8,6.3,1.2,5.9,5.7,1.2,2.8,0.7,2,2.3,0.7,6.3,0.95,5.25,5.5,0.9,1.85,0.5,0.6,1.2
Tetragnathidae,Tetragnatha virescens,Orb Web,F,6.85,1.85,1.23,0.85,5,1.2,1.18,4.05,0.85,4.1,3.9,1.1,2.8,0.7,2.5,2.5,0.8,1.45,0.4,1,1.1,0.5,3.1,0.55,2.4,2.35,0.65,0.63,0.25,0.48,0.65
Tetragnathidae,Tetragnatha virescens,Orb Web,M,4.7,1.6,1.1,0.7,3.1,0.8,0.9,3.85,0.7,4.4,4.35,1.2,3.05,0.55,2.8,2.8,0.85,1.5,0.4,1.1,1.1,0.45,3.3,0.5,2.7,2.7,0.7,0.9,0.25,0.28,0.88
Theraphosidae,Baccallbrapo bundokalbo,Burrow,M,13.41,6.58,5.41,3.66,6.83,3.91,4.16,5.58,3.33,4.83,3.5,2.75,5,3,4,3.33,2.04,4,2.08,3.16,3.33,2.16,5.83,2.83,5.16,5.41,3.08,NA,NA,NA,NA
Theraphosidae,Baccallbrapo bundokalbo,Burrow,F,13.41,5.91,4.33,NA,7.5,4.16,NA,4.16,2.83,3.83,2.5,2.5,3.66,2.33,2.66,2.33,2.16,3.08,1.83,2.16,2.16,2,4.58,2.58,3.75,3.75,2.5,NA,NA,NA,NA
Theridiidae,Achaearanea brookesiana,Sheet Web,F,4.7,1.35,1.25,1.1,3.35,2.4,2.5,2,0.7,1.6,1.9,0.75,1.45,0.55,1,1.35,0.63,1.05,0.5,0.7,0.95,0.5,1.65,0.6,1.15,1.55,0.7,0.35,0.15,0.2,0.45
Theridiidae,Achaearyopa pnaca,Sheet Web,F,3.64,1.16,0.8,0.42,2.48,2.02,2,1.16,0.34,0.88,0.76,0.56,0.96,0.34,0.56,0.52,0.44,0.6,0.28,0.4,0.4,0.36,1.04,0.36,0.68,0.66,0.48,0.27,0.14,0.2,0.25
Theridiidae,Anelosimus nigrobaricus,Sheet Web,F,2,0.8,0.7,0.45,1.2,0.88,0.63,0.9,0.35,0.88,0.8,0.53,0.75,0.3,0.6,0.53,0.4,0.7,0.28,0.5,0.5,0.4,1.1,0.43,0.98,0.75,0.43,0.23,0.12,0.12,0.23
Theridiidae,Anelosimus salaensis,Sheet Web,F,2.93,1.1,0.85,0.68,1.83,1.25,1.33,0.75,0.33,0.8,0.53,0.4,0.68,0.28,0.5,0.46,0.38,0.55,0.25,0.38,0.35,0.29,0.8,0.3,0.63,0.53,0.33,0.3,0.15,0.21,0.3
Theridiidae,Argyrodes bonadea,Sheet Web,M,2.26,1.18,0.73,0.8,1.08,0.65,1.05,1.7,0.38,1.4,1.23,0.64,0.9,0.28,0.8,0.68,0.45,0.58,0.19,0.31,0.34,0.29,0.84,0.23,0.53,0.58,0.4,0.45,0.2,0.15,0.43
Theridiidae,Argyrodes saganus,Sheet Web,M,4.23,1.35,0.7,0.58,2.88,0.68,0.85,4,0.35,3.3,1.95,1,2.35,0.33,1.75,1.18,0.7,1.3,0.26,0.83,0.7,0.48,2.9,0.36,1.8,1.75,0.78,1.08,0.45,0.45,0.48
Theridiidae,Chrysso anei,Sheet Web,F,2.5,0.9,0.78,0.6,1.6,1.2,1.7,NA,NA,NA,NA,NA,2.08,0.44,1.4,1.84,0.6,1.2,0.32,0.72,1.04,0.44,2.36,0.4,1.48,1.92,0.56,0.7,0.24,0.34,0.64
Theridiidae,Chrysso argyrodiformis,Sheet Web,F,3.39,1.07,0.87,0.68,2.32,1.2,2,2.96,0.48,2.48,3.12,0.84,1.84,0.4,1.4,1.76,0.64,1.4,0.32,0.72,1.04,0.48,2.48,0.48,1.52,2.12,0.64,0.34,0.16,0.2,0.33
Theridiidae,Chrysso argyrodiformis,Sheet Web,M,2.4,1.1,0.85,0.75,1.3,1,1.15,3.9,0.95,3.55,4.4,1.05,2.2,0.4,1.75,2.1,0.7,1.6,0.3,1,1.25,0.55,2.4,0.35,1.65,2.2,0.65,0.4,0.13,0.2,0.46
Theridiidae,Chrysso isumbo,Sheet Web,F,3.55,1.3,0.88,0.85,2.25,1.8,1.4,3.08,0.56,2.52,3.28,0.92,2,0.48,1.4,1.92,0.64,1.28,0.4,0.76,1.1,0.48,2.44,0.56,1.52,2.2,0.6,0.4,0.16,0.18,0.38
Theridiidae,Chrysso tiboli,Sheet Web,F,3.82,1.2,1.1,0.86,2.62,3.32,2.72,3.36,0.68,2.72,3.68,0.88,2.08,0.58,1.48,2.04,0.68,1.4,0.46,0.84,1.3,0.56,2.96,0.6,1.76,2.56,0.72,0.4,0.18,0.26,0.54
Theridiidae,Coleosoma blandum,Sheet Web,F,2.21,0.71,0.65,0.45,1.5,0.8,1,1.15,0.3,0.88,0.88,0.38,0.8,0.25,0.55,0.5,0.35,0.63,0.23,0.35,0.48,0.3,1,0.25,0.78,0.7,0.36,0.23,0.13,0.13,0.25
Theridiidae,Coleosoma caliothripsum,Sheet Web,F,1.58,0.68,0.5,0.5,0.9,0.6,0.75,1.08,0.25,0.78,0.88,0.33,0.78,0.23,0.56,0.58,0.35,0.58,0.2,0.34,0.43,0.33,1,0.23,0.7,0.68,0.35,0.25,0.1,0.11,0.28
Theridiidae,Coleosoma matinikum,Sheet Web,M,4.83,2.13,1.63,1.2,2.1,1.2,1.5,2.73,0.83,1.13,1.18,1.03,2,0.63,1.5,1.5,0.75,1.65,0.6,1.1,1.11,0.6,2.53,0.83,1.95,1.88,0.8,0.91,0.38,0.28,0.73
Theridiidae,Coleosoma octomaculatum,Sheet Web,F,2.68,0.8,0.73,0.6,1.88,1.7,1.83,1.5,0.35,1.23,1.38,0.48,1.1,0.33,0.78,0.88,0.43,0.75,0.26,0.46,0.55,0.38,1.28,0.35,0.93,0.93,0.43,0.3,0.13,0.15,0.24
Theridiidae,Coleosoma pabilogum,Sheet Web,M,1.96,0.76,0.76,0.48,1.2,1.2,0.76,1.14,0.26,0.94,1,0.42,0.9,0.24,0.72,0.7,0.36,0.62,0.18,0.4,0.46,0.32,0.98,0.25,0.72,0.75,0.34,NA,NA,NA,NA
Theridiidae,Coleosoma pseudoblandum,Sheet Web,F,2.49,0.84,0.6,0.5,1.65,1,1.15,1.16,0.28,0.93,1,0.4,0.88,0.26,0.63,0.63,0.38,0.7,0.2,0.38,0.48,0.33,1.15,0.29,0.8,0.75,0.35,0.33,0.11,0.15,0.3
Theridiidae,Coleosoma saispotum,Sheet Web,M,2.18,0.88,0.6,0.53,1.3,0.5,0.55,1,0.28,0.95,0.93,0.45,0.73,0.23,0.65,0.66,0.4,0.59,0.2,0.43,0.48,0.35,0.98,0.25,0.79,0.78,0.4,0.33,0.14,0.13,0.3
Theridiidae,Dipoena ruedai,Sheet Web,M,2.24,0.8,0.8,1.12,1.44,1.08,1.12,0.72,0.32,0.48,0.38,0.18,0.58,0.22,0.42,0.33,0.22,0.44,0.2,0.34,0.24,0.24,0.65,0.25,0.6,0.4,0.3,NA,NA,NA,NA
Theridiidae,Dipoena tuldokguhitanea,Sheet Web,M,2.16,0.88,0.75,1,1.28,0.82,0.9,0.7,0.28,0.5,0.42,0.32,0.62,0.25,0.44,0.42,0.34,0.55,0.24,0.4,0.38,0.33,0.64,0.28,0.52,0.4,0.36,NA,NA,NA,NA
Theridiidae,Enoplognatha apaya,Sheet Web,M,1.76,0.83,0.65,0.48,0.93,0.98,0.6,1.18,0.3,1.13,0.78,0.38,1.05,0.28,0.88,0.65,0.38,0.73,0.23,0.5,0.48,0.33,0.78,0.28,0.6,0.58,0.35,0.21,0.08,0.1,0.2
Theridiidae,Enoplognatha cariasoi,Sheet Web,F,4.32,1.92,1.56,0.96,2.4,2.2,2,2.8,0.96,2.36,2.4,0.84,1.88,0.8,1.6,1.76,0.74,1.4,0.6,1.08,1.32,0.64,2.12,0.8,1.72,1.72,0.72,0.56,0.28,0.36,0.6
Theridiidae,Enoplognatha kalaykayina,Sheet Web,M,2.54,1.12,0.96,0.43,1.42,0.9,0.78,2.1,0.56,1.72,NA,NA,1.3,0.45,1.1,1.25,0.53,0.8,0.25,0.5,0.73,0.35,1.25,0.3,1,1.2,0.45,NA,NA,NA,NA
Theridiidae,Enoplognatha malapahabanda,Sheet Web,F,2.68,0.98,0.75,0.63,1.7,1.25,1.25,0.8,0.33,0.63,0.53,0.36,0.83,0.3,0.6,0.49,0.35,0.55,0.25,0.34,0.33,0.28,0.8,0.33,0.58,0.5,0.34,0.28,0.15,0.18,0.29
Theridiidae,Enoplognatha maysanga,Sheet Web,F,1.58,0.75,0.68,0.33,0.83,0.85,0.4,1.35,0.3,1.3,0.85,0.39,0.98,0.25,0.9,0.63,0.38,0.55,0.18,0.38,0.4,0.28,0.78,0.23,0.55,0.48,0.33,0.36,0.09,0.15,0.26
Theridiidae,Enoplognatha philippinensis,Sheet Web,M,2.55,1.05,1,0.63,1.5,0.95,0.98,2.2,0.5,1.85,2.43,0.78,1.2,0.44,1.04,1.31,0.53,0.88,0.31,0.55,0.73,0.33,1.3,0.3,1,1.28,0.41,0.53,0.2,0.18,0.6
Theridiidae,Enoplognatha pulatuberculata,Sheet Web,F,1.93,0.83,0.65,0.5,1.1,0.7,0.7,1.1,0.23,0.73,0.5,0.31,0.83,0.26,0.51,0.4,0.28,0.55,0.2,0.35,0.3,0.25,0.83,0.26,0.58,0.4,0.3,0.23,0.1,0.13,0.24
Theridiidae,Enoplognatha tuybaana,Sheet Web,M,2.28,1.08,0.86,0.6,1.2,0.76,0.68,1.72,0.36,1.48,1.24,0.46,1.4,0.34,1.18,1,0.44,0.9,0.24,0.56,0.72,0.36,1,0.32,0.5,0.68,0.32,0.4,0.16,0.09,0.7
Theridiidae,Enoplognatha yelpantrapensis,Sheet Web,M,1.81,0.73,0.69,0.46,1.08,0.65,0.6,1.2,0.26,0.95,0.93,0.54,1.08,0.25,0.85,0.88,0.5,0.8,0.23,0.58,0.6,0.38,1,0.28,0.75,0.78,0.45,0.31,0.11,0.13,0.23
Theridiidae,Landoppo misamisoriensis,Sheet Web,M,1.44,0.64,0.56,0.44,0.8,0.62,0.58,1.1,0.24,0.98,1,0.42,0.78,0.22,0.6,0.62,0.35,0.5,0.18,0.34,0.4,0.26,0.8,0.23,0.6,0.6,0.32,NA,NA,NA,NA
Theridiidae,Latrodectus mactans,Sheet Web,F,10.9,4.1,3,2.7,6.8,5.4,5.4,4.8,1.6,4.5,5.2,1.75,3.5,1.1,2.5,3.4,1.1,2.8,1,1.85,2.5,1,3,1.5,3.8,5.1,1.4,0.8,0.4,0.5,0.8
Theridiidae,Phoroncidia bukolana,Sheet Web,M,1.84,0.76,1.76,0.54,1.08,1,1.06,1,0.25,0.7,0.74,0.48,0.92,0.26,0.62,0.63,0.48,0.69,0.22,0.46,0.45,0.37,0.85,0.27,0.53,0.55,0.43,NA,NA,NA,NA
Theridiidae,Steatoda ngipina,Sheet Web,F,12,3.67,3.17,2.48,8.33,6.67,6.5,6.17,1.83,5,5.5,2.17,4.33,1.5,3.67,3.33,1.5,3.17,1.17,2.25,2.5,1.08,5.5,1.67,4.17,4.17,1.75,1.08,0.5,0.58,1.08
Theridiidae,Theridion antheae,Sheet Web,F,2.02,0.78,0.6,0.5,1.24,0.88,0.6,0.84,0.28,0.78,0.71,0.41,0.71,0.28,0.59,0.51,0.34,0.56,0.2,0.4,0.43,0.34,0.83,0.28,0.68,0.53,0.34,0.21,0.09,0.13,0.25
Theridiidae,Theridion bitakum,Sheet Web,F,8.3,2.7,2.18,1.8,5.6,4,3.8,4.7,1.4,3.6,4.4,1.1,3.4,1.15,2.3,3,1,2.5,1,1.6,2.2,0.9,3.9,1.4,3,3.6,1.2,0.75,0.38,0.44,0.88
Theridiidae,Theridion ischagosum,Sheet Web,F,1.93,0.75,0.58,0.5,1.18,0.9,0.6,1.03,0.28,0.88,0.93,0.43,0.95,0.28,0.93,0.93,0.45,0.85,0.25,0.65,0.63,0.35,1,0.3,0.8,0.75,0.4,0.2,0.13,0.11,0.23
Theridiidae,Theridion kambalum,Sheet Web,F,1.82,0.69,0.58,0.48,1.13,0.98,1.03,0.88,0.28,0.61,0.65,0.38,0.65,0.23,0.45,0.5,0.35,0.53,0.24,0.34,0.4,0.31,0.7,0.25,0.6,0.53,0.39,0.23,0.1,0.11,0.24
Theridiidae,Theridion lumabani,Sheet Web,F,1.84,0.7,0.7,0.5,1.14,0.8,0.8,0.76,0.25,0.6,0.6,0.4,0.58,0.22,0.46,0.46,0.34,0.48,0.2,0.33,0.3,0.3,0.72,0.26,0.58,0.5,0.36,0.22,0.09,0.1,0.24
Theridiidae,Theridion necijaenis,Sheet Web,F,4.4,1.6,1.4,0.94,2.8,2.12,2.2,2.64,0.8,2.16,2.48,0.92,1.88,0.72,1.44,1.68,0.76,1.44,0.6,1,1.2,0.64,2.16,0.76,1.6,1.88,0.72,NA,NA,NA,NA
Theridiidae,Theridion otsopotum,Sheet Web,F,1.8,0.7,0.53,0.5,1.1,0.8,0.85,0.78,0.25,0.63,0.6,0.38,0.59,0.2,0.4,0.45,0.33,0.48,0.18,0.33,0.35,0.25,0.7,0.25,0.55,0.5,0.31,0.18,0.1,0.09,0.23
Theridiidae,Theridion punongpalayum,Sheet Web,F,2.01,0.78,0.83,0.53,1.23,0.98,1,0.95,0.24,0.75,0.73,0.4,0.75,0.25,0.54,0.53,0.35,0.55,0.21,0.38,0.4,0.33,0.85,0.23,0.68,0.56,0.35,0.23,0.13,0.1,0.2
Theridiosomatidae,Wendilgarda liliwensis,Orb Web,F,2.32,0.77,0.7,0.39,1.55,1.33,1.22,0.64,0.28,0.48,0.38,0.3,0.58,0.22,0.4,0.34,0.3,0.4,0.22,0.27,0.25,0.25,0.6,0.24,0.44,0.34,0.24,NA,NA,NA,NA
Theridiosomatidae,Wendilgarda liliwensis,Orb Web,M,1.92,0.72,0.6,0.4,1.2,0.92,0.88,0.62,0.18,0.54,0.44,0.3,0.54,0.16,0.46,0.36,0.26,0.38,0.18,0.3,0.3,0.18,0.4,0.18,0.34,0.36,0.26,NA,NA,NA,NA
Thomisidae,Borboropactus bangkongeus,Plant,M,6.5,3.27,2.53,1.33,3.23,2.17,2.2,3.33,1.45,3.25,1.95,0.95,2.25,0.9,1.93,1.3,0.75,1.85,0.78,1.65,1.6,0.68,2.35,0.7,1.73,1.65,0.75,0.78,0.38,0.28,0.9
Thomisidae,Borboropactus mindorensis,Plant,F,4.9,2.6,2.2,1.9,2.3,1.9,1.9,2.2,1.3,2.1,1.25,0.6,1.55,0.75,1.3,0.95,0.55,1.4,0.8,1.2,1.1,0.75,1.7,0.6,1.3,1.1,0.8,0.75,0.38,0.4,0.71
Thomisidae,Borboropactus umaasaeus,Plant,M,6.75,3.75,3.1,1.7,3,2,1.6,3.95,1.7,4,2.3,1.1,2.4,1.05,2.1,1.55,1,2.3,0.95,2.35,1.75,0.8,2.75,1,2.15,1.8,0.88,0.95,0.4,0.4,1.05
Thomisidae,Camaricus florae,Plant,M,2.58,1.2,1.2,0.85,1.38,1.48,1.08,0.75,0.31,0.55,0.5,0.41,0.81,0.33,0.63,0.49,0.38,0.55,0.24,0.4,0.29,0.23,0.6,0.25,0.42,0.34,0.28,0.36,0.1,0.09,0.33
Thomisidae,Camaricus formosus,Plant,F,7.73,3.35,2.65,2.2,4.38,4.05,3.6,1.5,0.7,1.3,1.05,0.95,1.8,0.65,1.4,1.25,0.85,1.15,0.4,1.1,0.65,0.6,1.05,0.35,0.9,0.4,0.5,0.45,0.3,0.25,0.2
Thomisidae,Camaricus parisukatus,Plant,F,2.8,1.4,1.3,0.85,1.4,0.9,0.65,1,0.48,0.83,0.6,0.53,1.05,0.5,0.88,0.63,0.58,0.63,0.38,0.65,0.4,0.38,0.8,0.3,0.73,0.38,0.38,0.43,0.18,0.18,0.35
Thomisidae,Cupa kalawitana,Plant,M,4.05,2.05,1.88,1.13,2,1.5,1.35,2.25,0.78,2.4,1.6,1.08,2.35,0.75,2.45,1.65,1.03,1.65,0.6,1.5,1.13,0.8,1.8,0.58,1.48,1.3,0.85,0.81,0.35,0.25,0.65
Thomisidae,Diaea carangali,Plant,F,2.8,1.3,1.3,0.8,1.5,1.5,1,NA,NA,NA,NA,NA,1.4,0.5,1.1,1,0.6,0.88,0.3,0.85,0.6,0.4,0.9,0.32,0.8,0.65,0.45,0.38,0.2,0.2,0.42
Thomisidae,Diaea tadtadtinika,Plant,F,2.85,1.1,1.2,0.78,1.75,1.35,1.18,1.3,0.5,1,0.96,0.55,1.23,0.46,1.03,1,0.5,0.8,0.38,0.73,0.55,0.4,1.05,0.35,0.75,0.7,0.38,0.33,0.2,0.21,0.39
Thomisidae,Loxobates kawilus,Plant,M,3.65,1.25,1.33,0.85,2.4,0.8,0.8,3.45,0.92,3.2,2.82,1.23,3.43,0.9,3.13,2.67,1.2,1.33,0.4,1.17,0.93,0.57,1.4,0.38,1.05,0.98,0.6,0.46,0.28,0.2,0.55
Thomisidae,Loxobates masapangensis,Plant,M,2.63,1.08,1.2,0.5,1.55,0.83,0.55,1.68,0.6,1.38,1.23,0.7,1.7,0.55,1.35,1.25,0.68,0.48,0.25,0.38,0.35,0.3,0.54,0.23,0.46,0.48,0.28,0.35,0.1,0.11,0.33
Thomisidae,Lysiteles boteus ,Plant,M,3.4,1.6,1.45,1.1,1.8,1.3,1.2,2.25,0.75,2.3,2,1.1,2.3,0.8,2.35,2.1,1.05,1.4,0.52,1.2,0.8,0.7,1.3,0.5,1.3,0.9,0.6,0.5,0.25,0.3,0.6
Thomisidae,Lysiteles magkalapitus,Plant,M,5.4,2.4,2.35,1.5,3,1.6,1.25,4.8,1.5,4.7,4.55,1.6,4.7,1.4,4.5,4.25,1.55,2,0.8,1.85,1.35,0.85,2.35,0.75,1.75,1.7,0.9,0.7,0.4,0.44,0.65
Thomisidae,Lysiteles sorsogonensis,Plant,M,2.34,1.09,1.06,0.5,1.25,0.9,0.5,1.28,0.49,1.23,0.98,0.6,1.3,0.5,1.25,1,0.63,0.85,0.4,0.75,0.53,0.49,0.86,0.38,0.73,0.55,0.45,0.38,0.33,0.2,0.36
Thomisidae,Lysiteles suwertikos,Plant,F,4.4,1.8,1.65,1.1,NA,NA,NA,2.1,0.78,1.85,1.65,0.85,2.05,0.8,1.95,1.6,0.9,1.72,0.5,1,0.7,0.55,1.2,0.48,0.95,0.75,0.53,0.5,0.25,0.35,0.45
Thomisidae,Lysiteles suwertikos,Plant,M,3.3,1.5,1.6,0.95,1.8,1.2,0.8,2.4,0.8,2.3,2.1,1.24,2.5,0.8,2.4,2,1.24,1.38,0.45,1.05,0.75,0.55,1.3,0.45,1.2,0.8,0.55,0.53,0.28,0.35,0.48
Thomisidae,Lysiteles umalii,Plant,F,4.7,1.65,1.4,1.2,2.45,1.7,1.35,1.55,0.65,1.55,1.33,0.75,1.6,0.68,1.58,NA,NA,1,0.45,0.83,0.55,0.53,1.1,0.43,0.83,0.6,0.5,0.48,0.2,0.28,0.45
Thomisidae,Lysiteles umalii,Plant,M,3.1,1.5,1.25,0.9,1.6,1,1.2,1.5,0.6,1.7,1.45,0.95,1.7,0.55,1.8,1.5,0.9,1,0.4,1,0.7,0.5,1.1,0.4,0.9,0.5,0.5,0.45,0.2,0.23,0.55
Thomisidae,Misumena maputiyana,Plant,F,5.7,2.4,2.75,1.95,3.3,3,2.3,3.2,1.35,2.3,1.75,1.2,3,1.25,2.2,1.55,1.1,1.5,0.8,1.2,0.75,0.6,1.8,0.7,1.25,1,0.7,0.7,0.4,0.45,0.6
Thomisidae,Misumena menoka,Plant,F,5.05,1.45,1.5,1.15,2.6,2.7,2,1.83,0.78,1.4,1.05,0.79,1.73,0.8,1.03,1.35,0.76,0.9,0.45,0.69,0.43,0.5,1,0.46,0.71,0.5,0.51,0.39,0.23,0.29,0.35
Thomisidae,Misumena tapyasuka,Plant,F,4.8,2.1,2.3,1.3,2.7,2.4,1.4,2.7,1.2,2.1,1.6,1,2.6,1.25,1.95,1.65,1.1,1.3,0.7,1,0.7,0.6,1.4,0.6,1.15,0.75,0.65,0.6,0.4,0.35,0.58
Thomisidae,Misumenoides matinikus,Plant,M,2.4,1,NA,0.5,1.4,1,0.6,1.41,0.48,1.35,1.1,0.65,0.94,0.34,0.71,0.7,0.58,0.55,0.26,0.53,0.35,0.29,0.58,0.28,0.45,0.45,0.33,0.3,0.15,0.16,0.33
Thomisidae,Misumenoides pabilogus,Plant,F,5.1,1.8,1.9,1.1,3.3,2.9,1.5,2.5,1.1,1.8,1.6,1,2.2,1,1.8,1.5,0.8,1.1,0.5,0.8,0.6,0.55,1.5,0.5,1,0.9,0.5,0.41,0.25,0.28,0.48
Thomisidae,Misumenops maygitgitus,Plant,F,4.4,2.1,2.2,1.2,2.3,2.2,1.45,2.7,1.75,2,1.6,1.1,2.1,1.1,1.9,1.5,1.05,1.2,0.73,1,0.68,0.58,1.6,0.63,1.23,0.8,0.63,0.45,0.25,0.28,0.58
Thomisidae,Misumenops morrisi,Plant,F,7.1,2.9,2.4,2.1,4.2,2.6,2.45,3.35,1.25,3,2.7,0.9,3.4,1.3,3.1,2.6,0.85,1.7,0.85,1.45,1,0.5,2.1,0.75,1.5,1.15,0.7,0.8,0.4,0.4,0.65
Thomisidae,Monaeses aciculus,Plant,M,7.4,2.2,1.2,1.1,5.2,0.8,0.78,3.15,1,3.05,2.6,1.1,2.7,0.88,2.65,2.25,1.05,1.25,0.5,1.33,0.48,0.5,1.85,0.45,1.4,0.75,0.64,0.5,0.28,0.23,0.63
Thomisidae,Monaeses habamatinikus,Plant,F,6.81,1.48,1.16,0.92,5.33,0.96,0.6,2,0.7,1.74,1.48,1.02,1.94,0.64,1.64,1.34,0.94,0.92,0.4,0.9,0.42,0.6,1.38,0.4,0.94,0.5,0.6,NA,NA,NA,NA
Thomisidae,Monaeses habamatinikus,Plant,M,9,1.84,1.33,1.01,7.16,1,0.8,3.32,1,3.04,NA,NA,3.08,0.92,2.8,2.28,NA,1.44,0.48,1.4,0.72,0.68,2,0.52,1.48,0.8,0.76,NA,NA,NA,NA
Thomisidae,Runcinia acuminata,Plant,M,4.1,1.8,1.8,0.8,3.3,1.35,0.7,3.6,1.15,2.9,2.85,1.3,3.3,1,2.6,2.6,1.15,1.25,0.55,1,0.55,0.5,1.4,0.45,1.1,0.5,0.6,0.5,0.3,0.4,0.45
Thomisidae,Runcinia acuminata,Plant,F,8.8,2.8,2.5,1.8,6,2.65,1.7,3.6,1.5,2.95,2.5,1.15,3.45,1.35,2.65,2.2,1.1,1.6,0.7,1.1,0.65,0.7,1.8,0.65,1.25,0.9,0.75,0.7,0.45,0.4,0.6
Thomisidae,Runcinia albostriata,Plant,F,4.9,2.1,1.8,1.1,2.8,2,1,2.5,1.1,2,1.6,0.85,2.2,1,1.8,1.5,0.8,1.1,0.5,0.9,0.5,0.45,1.5,0.55,1,0.65,0.55,0.45,0.33,0.3,0.45
Thomisidae,Runcinia albostriata,Plant,M,4,1.6,1.5,0.9,2.4,1.1,9,3,0.9,2.5,2.25,1.1,2.45,0.75,2.15,1.8,0.9,1,0.4,0.9,0.5,0.45,1.15,0.45,1,0.5,0.4,0.4,0.2,0.18,0.3
Thomisidae,Runcinia sangasanga,Plant,F,8.4,2.6,2.5,2.25,5.8,3.8,3.5,3,1.5,2.5,2.1,0.95,2.65,1.4,2.2,1.85,0.85,1.4,0.75,1.2,0.65,0.7,1.7,0.8,1.4,0.9,0.75,0.65,0.45,0.4,0.6
Thomisidae,Stiphorus sangayus,Plant,F,3.5,1.5,1.38,0.88,2,2.02,1,0.86,0.51,0.61,0.48,0.88,0.9,0.49,0.64,0.5,0.83,0.68,0.43,0.5,0.35,0.4,0.79,0.4,0.63,0.4,0.41,0.38,0.3,0.28,0.36
Thomisidae,Synaema batarasa,Plant,M,2.63,1.25,1.25,0.93,1.38,1.05,0.65,NA,NA,NA,NA,NA,1.3,0.45,1.13,0.9,0.58,0.75,0.28,0.6,0.41,0.35,0.83,0.23,0.5,0.48,0.36,0.3,0.18,0.19,0.33
Thomisidae,Synaema globosum,Plant,F,2.17,0.79,0.78,0.53,1.38,1.28,0.65,0.9,0.5,0.71,0.58,0.53,1,0.53,0.8,0.58,0.5,0.75,0.35,0.5,0.3,0.36,0.73,0.33,0.58,0.38,0.4,0.3,0.16,0.18,0.3
Thomisidae,Tayapaliito iorebotco,Plant,M,2.34,1.14,1.08,0.78,1.2,1.2,0.63,0.85,0.31,0.6,0.51,0.48,0.88,0.33,0.65,0.53,0.45,0.55,0.28,0.45,0.33,0.33,0.63,0.24,0.45,0.36,0.33,0.25,0.14,0.2,0.3
Thomisidae,Tharrhalea mariae,Plant,M,3.6,1.7,1.6,1,1.9,1.4,1.15,2.3,0.7,2.3,2,1.05,2.4,0.8,2.4,2.05,1.1,1.4,0.4,1.2,0.85,0.6,1.45,0.5,1.2,0.9,0.5,0.5,0.2,0.2,0.52
Thomisidae,Thomisus ilocanus,Plant,F,8.2,3.2,3.5,2.9,5,5.75,4,3.4,1.75,2.55,1.85,1.4,3.2,1.65,2.5,2.1,1.5,1.6,1.1,1.35,1,0.85,1.9,1,1.55,1.3,0.95,0.75,0.5,0.5,0.85
Thomisidae,Thomisus iswadus,Plant,F,7.5,3.5,3.4,2.2,4,5.4,2.8,3.25,1.25,2.1,1.7,1.45,3.1,1.55,2,1.6,1.4,1.6,0.75,1.2,1.05,0.7,1.9,0.9,1.3,1.1,0.85,0.75,0.4,0.5,0.65
Thomisidae,Thomisus italongus,Plant,M,2.85,1.35,1.35,0.65,1.5,1.53,0.63,0.98,0.41,0.73,0.59,0.52,1,0.51,0.76,0.63,0.5,0.65,0.35,0.48,0.35,0.31,0.6,0.3,0.38,0.39,0.34,0.3,0.25,0.15,0.53
Thomisidae,Thomisus okinawensis,Plant,M,3.31,1.53,1.63,0.65,1.78,1.7,0.5,1.23,0.63,0.88,0.85,0.73,1.38,0.65,1.13,0.98,0.77,0.88,0.43,0.6,0.5,0.46,1,0.4,0.63,0.54,0.44,0.3,0.25,0.29,0.46
Thomisidae,Thomisus okinawensis,Plant,F,10.4,3.9,3.9,2.6,6.5,6.6,5.4,3.6,1.95,2.9,2.2,1.55,3.3,1.9,2.6,2.25,1.5,2,1.1,1.4,1,0.9,2.1,1.1,1.6,1.3,0.8,0.9,0.4,0.55,0.95
Thomisidae,Tmarus dostinikus,Plant,M,3.57,1.32,1.35,1.09,2.25,1.05,1.08,1.86,0.75,2,1.55,0.95,1.81,0.73,1.94,1.5,0.85,1.23,0.48,1.2,0.65,0.5,1.35,0.44,0.95,0.58,0.53,0.45,0.26,0.2,0.45
Thomisidae,Xysticus palawanicus,Plant,M,3.03,1.48,1.33,0.8,1.55,1.25,0.93,1.25,0.55,1.15,0.83,0.6,1.33,0.6,1.25,0.9,0.63,0.93,0.4,0.83,0.63,0.41,1,0.38,0.78,0.64,0.43,0.48,0.23,0.29,0.48
Thomisidae,Xysticus palawanicus,Plant,F,4.1,1.6,1.5,1.55,2.5,2.2,1.5,1.23,0.6,1.05,0.8,0.58,1.3,0.65,1.1,0.85,0.6,0.93,0.55,0.75,0.65,0.45,1.15,0.43,0.9,0.73,0.5,0.5,0.25,0.4,0.53
Uloboridae,Miagrammopes brooksptensis,Orb Web,M,3.5,1.3,0.88,0.4,2.2,0.4,0.4,2,0.55,1.7,1.6,0.4,0.99,0.3,0.6,0.5,0.2,0.6,0.18,0.4,0.43,0.25,1,0.28,1.09,0.53,0.2,0.33,0.13,0.2,0.36
Uloboridae,Miagrammopes maigesieus,Orb Web,F,3.32,0.88,0.56,0.3,2.44,0.46,0.46,1.34,0.32,0.88,0.7,0.42,0.8,0.26,0.86,0.74,0.58,0.4,0.14,0.34,0.32,0.26,1.02,0.14,1,0.44,0.26,NA,NA,NA,NA
Uloboridae,Zosis geniculatus,Orb Web,F,7.15,1.95,1.7,1,5.2,3.75,4.1,3.5,0.95,2.85,3,1.1,2.1,0.7,1.45,1.8,0.9,1.5,0.55,0.9,1.3,0.8,2.65,0.75,2,1.8,1.2,0.45,0.15,0.23,0.4
Zodariidae,Asceua gruezoi,Burrow,M,2.25,1.1,0.85,0.8,1.15,0.8,0.8,0.9,0.25,0.8,0.8,0.55,0.65,0.25,0.6,0.6,0.45,0.7,0.25,0.6,0.8,0.4,0.8,0.25,0.75,0.95,0.5,0.47,0.19,0.2,0.8
Zodariidae,Asceua gruezoi,Burrow,F,2.45,1.15,0.78,0.9,1.3,0.83,0.9,0.75,0.25,0.68,0.65,0.45,0.66,0.28,0.53,0.6,0.41,0.6,0.2,0.55,0.6,0.42,0.83,0.28,0.7,0.9,0.5,0.33,0.15,0.23,0.3
Zodariidae,Langbiana calilungae,Burrow,M,6,3,2.2,1.9,3,1.5,1.9,2.8,0.85,2.95,2.5,1.9,2.4,0.8,2,2.3,1.65,2.3,0.7,2.1,2.4,1.9,3.05,0.9,2.9,3.6,1.45,1.1,0.48,0.3,1.3
Zodariidae,Langbiana panchoi,Burrow,F,3.65,1.8,1.2,1.1,1.85,1.35,1.4,1.13,0.4,1,0.85,0.7,1,0.38,0.82,0.8,0.65,0.88,0.45,0.78,0.88,0.6,1.25,0.48,1.2,1.35,0.9,0.5,0.29,0.25,0.41
Zodariidae,Langbiana panchoi,Burrow,M,3.33,1.7,1.25,1.2,1.6,1.1,1.1,1.19,0.35,1.1,1,0.85,1.1,0.4,0.88,0.9,0.8,1.04,0.4,0.88,1.03,0.95,1.33,0.44,1.24,1.63,0.96,0.58,0.25,0.2,0.58
Zodariidae,Langbiana pricei,Burrow,M,8.2,3.85,2.8,2.75,4.35,2,2.5,3.25,1.13,3.35,3.55,2.4,2.93,1.05,2.8,3.05,2.05,2.9,1.08,2.38,2.93,1.55,3.6,1.13,3.25,4,1.8,1.55,0.55,0.5,1.8
Zodariidae,Langbiana slaburuprica,Burrow,M,6.65,3.35,2.35,2.25,3.3,2.2,2.1,2.55,0.9,2.5,2.4,1.7,2.4,0.93,2,2.3,1.65,2.25,0.93,2.05,2.55,1.4,2.8,0.95,2.75,3.3,1.78,1.13,0.45,0.3,1.4
